monthly_charges,is_month_to_month,tenure_months,contract_type_One Year,charge_tenure_ratio,support_calls_per_month,avg_monthly_spend,tenure_group_49-72mo,churn
-0.5178645652925192,0.8972480992593679,-1.0049610066930574,-0.5634918425793681,-0.08906804558132085,-0.2343845300845355,-0.25114269734328193,-0.6655835357049052,0
-1.3925540342609506,0.8972480992593679,1.40195474324388,-0.5634918425793681,-0.5381311966172074,-0.38835112311554315,-0.6703962034295381,1.5024410105651447,0
-0.04865671919663446,-1.1145189394387667,-0.3663915220159107,1.7746485830611636,-0.24381080150361395,-0.3703320443073166,-0.0654606116785354,-0.6655835357049052,0
-0.8494022582645682,0.8972480992593679,0.17393650348013648,-0.5634918425793681,-0.4352383251299205,-0.05242401104789001,-0.36488206983683935,-0.6655835357049052,1
-0.7512584967602715,0.8972480992593679,1.0581096361100317,-0.5634918425793681,-0.47909363258717363,-0.2866720355548359,-0.3336055293371891,1.5024410105651447,0
-0.672743487556834,0.8972480992593679,-0.9067195475119578,-0.5634918425793681,-0.18600252201482886,1.079774774069015,-0.3047957441513928,-0.6655835357049052,1
1.0599644552751895,0.8972480992593679,0.4195401514328852,-0.5634918425793681,-0.2567172587721905,-0.4298236060868583,0.5409758297181122,-0.6655835357049052,1
0.13768198415261965,0.8972480992593679,-0.5137537107875599,-0.5634918425793681,-0.16921522920015206,-0.16439971507044107,-0.07501045838173015,-0.6655835357049052,1
-0.6587613626301945,-1.1145189394387667,-0.9067195475119578,1.7746485830611636,-0.18239533512903058,-0.2680809224987291,-0.3095522440970403,-0.6655835357049052,0
0.3864024756361115,-1.1145189394387667,-1.1032024658741568,1.7746485830611636,0.28413086548285754,0.1555308678511333,0.19888688255942122,-0.6655835357049052,0
0.7563910121564192,0.8972480992593679,-0.5137537107875599,-0.5634918425793681,-0.05871044633329224,0.022226458300477356,0.30298573022154934,-0.6655835357049052,1
-0.7940115325936501,0.8972480992593679,1.598437661606079,-0.5634918425793681,-0.5015439092883285,-0.326683344088631,-0.3984367814051404,1.5024410105651447,0
-0.301410515947426,0.8972480992593679,-1.250564654645806,-0.5634918425793681,0.23540141027485786,-0.5376520618122779,-0.2257492569457732,-0.6655835357049052,0
-1.320761200503013,-1.1145189394387667,1.5493169320155293,-0.5634918425793681,-0.5360404281584872,-0.4662949955233973,-0.5705670856489187,1.5024410105651447,1
-1.1137181967816197,0.8972480992593679,-0.8575988179214081,-0.5634918425793681,-0.31566774696333816,-0.2822688771994422,-0.5165046643683013,-0.6655835357049052,0
0.6340474190483233,0.8972480992593679,-0.07166714447261223,-0.5634918425793681,-0.2146122707491688,0.016894281918451066,0.3345378158781962,-0.6655835357049052,1
-1.1126426487103396,0.8972480992593679,-1.3488061138269056,-0.5634918425793681,0.002889206639571375,0.0014902168148196936,-0.5044196753409237,-0.6655835357049052,1
0.08874454690938105,-1.1145189394387667,0.22305723307068623,1.7746485830611636,-0.33304614540031,-0.0642588415543385,0.04013176446085077,-0.6655835357049052,1
0.7316534065169804,-1.1145189394387667,0.3212986922517857,-0.5634918425793681,-0.2761192781094531,-0.5376520618122779,0.3605754183743613,-0.6655835357049052,0
-1.3734630559957313,-1.1145189394387667,0.27217796266123595,-0.5634918425793681,-0.5011160621099245,-0.1910605969805723,-0.6129670121723104,-0.6655835357049052,1
0.23609463267473635,-1.1145189394387667,-1.447047573008005,1.7746485830611636,1.0704183277542352,0.1555308678511333,0.04584393701377268,-0.6655835357049052,0
-0.8502089193180282,0.8972480992593679,0.8125059881572831,-0.5634918425793681,-0.476180812477788,-0.3545471369955278,-0.3983437376823772,1.5024410105651447,0
1.6189805653229514,0.8972480992593679,-0.4646329811970102,-0.5634918425793681,0.06952967205540943,0.1812043096905189,0.7657212980019841,-0.6655835357049052,1
-0.05672332973123412,0.8972480992593679,1.40195474324388,-0.5634918425793681,-0.4426965575415778,-0.38835112311554315,-0.08242351550735447,1.5024410105651447,1
1.070451048970169,0.8972480992593679,1.1563510952911313,-0.5634918425793681,-0.3421937141698959,-0.4567807200182133,0.39511533423556244,1.5024410105651447,0
0.1764017147186983,0.8972480992593679,1.0089889065194821,-0.5634918425793681,-0.40136399249315396,-0.4525243336079993,-0.5235228855004969,1.5024410105651447,0
-1.595294845697224,0.8972480992593679,1.1563510952911313,-0.5634918425793681,-0.5485109302418448,-0.37590937822414866,-0.6964091191990398,1.5024410105651447,0
0.4662619199286489,0.8972480992593679,1.6966791207871785,-0.5634918425793681,-0.42194205058762885,-0.4693100828313782,0.07021076130553401,1.5024410105651447,0
1.5786475126499528,-1.1145189394387667,-0.12078787406316197,-0.5634918425793681,-0.07420829225214054,-0.25222379665675565,0.6957451910161188,-0.6655835357049052,0
0.35601824262245224,-1.1145189394387667,0.8616267177478328,1.7746485830611636,-0.3747786357049407,-0.4477950153744283,0.09990430482739308,1.5024410105651447,1
1.1164307290173876,-1.1145189394387667,-0.6611158995592091,-0.5634918425793681,0.0848290505470702,-0.11571462636498411,0.4196087280670716,-0.6655835357049052,1
1.3439091460930999,-1.1145189394387667,-0.7102366291497588,1.7746485830611636,0.16405856894787116,-0.5376520618122779,0.6014164675563716,-0.6655835357049052,0
-0.949697115911425,0.8972480992593679,1.6966791207871785,-0.5634918425793681,-0.5145525680662449,-0.4693100828313782,-0.4926898553997452,1.5024410105651447,0
-1.0056256156179832,-1.1145189394387667,1.6966791207871785,1.7746485830611636,-0.518210560401139,-0.2642841458886791,-0.45665844349055873,1.5024410105651447,0
0.3888224587964916,0.8972480992593679,-1.5452890321891044,-0.5634918425793681,1.8811791656661834,2.373716242774049,0.1964630280576938,-0.6655835357049052,1
-0.31028378753548563,-1.1145189394387667,1.3037132840627805,1.7746485830611636,-0.4563334315139833,-0.3836114107759643,-0.11156958346309158,1.5024410105651447,0
1.1887613368109655,0.8972480992593679,1.3037132840627805,-0.5634918425793681,-0.34583855850120526,-0.3836114107759643,0.3798229355312571,1.5024410105651447,0
1.3990309847461984,-1.1145189394387667,-0.5628744403781096,-0.5634918425793681,0.08238605608428039,-0.3435608415065227,0.6951703491856207,-0.6655835357049052,1
-0.5116801638826594,0.8972480992593679,0.9598681769289323,-0.5634918425793681,-0.45484199847466283,-0.10441273077264587,-0.23032201400474736,1.5024410105651447,0
-0.919043995879946,0.8972480992593679,-1.2996853842363558,-0.5634918425793681,0.03231552735025678,-0.5376520618122779,-0.38474916157587524,-0.6655835357049052,0
0.981449446071752,-1.1145189394387667,-1.5944097617796542,-0.5634918425793681,3.189942873710242,1.8884881920096612,0.38498306458542664,-0.6655835357049052,0
-0.7864826960946903,0.8972480992593679,-0.21902933324426146,-0.5634918425793681,-0.384449827467666,-0.08275076422066428,-0.36714638457949905,-0.6655835357049052,0
1.128530644819287,-1.1145189394387667,0.22305723307068623,1.7746485830611636,-0.2152779228989603,-0.4193037567477931,0.5757254133012325,-0.6655835357049052,0
-0.2656485425773672,-1.1145189394387667,0.026574314708487253,1.7746485830611636,-0.34846279499564037,-0.2753666289666628,-0.07860361475184609,-0.6655835357049052,0
0.586454416894185,-1.1145189394387667,-0.5628744403781096,-0.5634918425793681,-0.06854974225409279,0.23871281941074268,0.2061120334094691,-0.6655835357049052,1
-1.4129894476152698,-1.1145189394387667,-1.447047573008005,-0.5634918425793681,-0.02357010375900419,1.5418967271779558,-0.6594457408151453,-0.6655835357049052,0
0.43372659077242975,-1.1145189394387667,1.5001962024249795,-0.5634918425793681,-0.41345511989272865,-0.3928078675542517,0.12811214035866533,1.5024410105651447,0
-0.16777366809089037,0.8972480992593679,-1.5452890321891044,-0.5634918425793681,1.3642415373398553,0.4328040397164979,-0.12648662280067616,-0.6655835357049052,0
0.30358527414755426,-1.1145189394387667,-1.447047573008005,-0.5634918425793681,1.1151910484960947,1.5418967271779558,0.049531700940114304,-0.6655835357049052,1
-1.159697876828838,-1.1145189394387667,0.7633852585667333,1.7746485830611636,-0.5014019232853628,-0.35102588844135946,-0.5557999260969255,1.5024410105651447,0
0.8287216199499972,-1.1145189394387667,1.3037132840627805,1.7746485830611636,-0.37237714773243574,-0.4606317362941211,0.42017844572267105,1.5024410105651447,0
1.2688896681213226,0.8972480992593679,1.0581096361100317,-0.5634918425793681,-0.3173514869260167,-0.5376520618122779,0.38124347482269977,1.5024410105651447,1
-0.9892235075309637,-1.1145189394387667,1.5001962024249795,1.7746485830611636,-0.5120791709815933,-0.5376520618122779,-0.4400931192659405,1.5024410105651447,0
-1.41245167357963,-1.1145189394387667,-1.3488061138269056,-0.5634918425793681,-0.15180361557831795,0.5406324954419173,-0.6668502301646317,-0.6655835357049052,1
-1.6643988092769617,-1.1145189394387667,-0.4646329811970102,-0.5634918425793681,-0.4951800595148883,-0.5376520618122779,-0.7591193311738623,-0.6655835357049052,0
0.49718392697794767,0.8972480992593679,0.7633852585667333,-0.5634918425793681,-0.35343789198905895,-0.4443389751268187,0.07537444204882103,1.5024410105651447,1
0.37510922088767185,0.8972480992593679,0.46866088102343495,-0.5634918425793681,-0.33335731271670865,-0.5376520618122779,0.07516198202259547,-0.6655835357049052,0
0.1640329118989785,0.8972480992593679,0.4195401514328852,-0.5634918425793681,-0.34917223341434417,-0.5376520618122779,0.09358125995746898,-0.6655835357049052,0
-0.9362527650204254,-1.1145189394387667,-1.4961683025985548,-0.5634918425793681,0.4417867340712239,1.079774774069015,-0.3923589557582592,-0.6655835357049052,0
-0.38046329918650373,-1.1145189394387667,1.6966791207871785,1.7746485830611636,-0.4773219441577318,-0.4009681038504785,-0.24333798769034576,1.5024410105651447,0
0.3310117499651933,0.8972480992593679,-0.4646329811970102,-0.5634918425793681,-0.15198859952117938,0.1812043096905189,0.10066730786074757,-0.6655835357049052,0
-0.01047476266619566,0.8972480992593679,1.598437661606079,-0.5634918425793681,-0.44881142140262803,-0.2563604381807487,-0.04405709204488944,1.5024410105651447,1
1.7058310720788084,0.8972480992593679,-0.8084780883308583,-0.5634918425793681,0.3246849613420675,-0.5376520618122779,0.8296589027027351,-0.6655835357049052,1
-1.2699415541350345,0.8972480992593679,-0.7593573587403086,-0.5634918425793681,-0.3774708127305136,-0.07553010870333711,-0.5578854945902857,-0.6655835357049052,0
0.6829848562915619,-1.1145189394387667,-1.1523231954647066,-0.5634918425793681,0.4582271819930355,-0.16439971507044107,0.2638660849522367,-0.6655835357049052,0
-0.33367695808582504,-1.1145189394387667,0.5669023402045344,1.7746485830611636,-0.4131165578629766,-0.33547370732711634,-0.14878266192512907,-0.6655835357049052,0
-0.2500530955438078,0.8972480992593679,-1.6926512209607538,-0.5634918425793681,4.12236599919982,1.8884881920096612,-0.08052472737315994,-0.6655835357049052,1
0.7614998654949994,0.8972480992593679,-1.054081736283607,-0.5634918425793681,0.34118784134459484,-0.5376520618122779,0.16561489660503725,-0.6655835357049052,0
0.6735738106678619,0.8972480992593679,1.40195474324388,-0.5634918425793681,-0.3905225479342085,-0.23905018441880843,0.23171641004203164,1.5024410105651447,1
1.7179309878807083,-1.1145189394387667,0.12481577388958674,-0.5634918425793681,-0.1252726493117658,-0.03998226615649549,0.8468742261185933,-0.6655835357049052,0
-1.2981746910061336,0.8972480992593679,0.07569504429903699,-0.5634918425793681,-0.48130991479915164,-0.40996046950586007,-0.5725977784179481,-0.6655835357049052,0
-1.3831429886372508,0.8972480992593679,-1.2014439250552562,-0.5634918425793681,-0.25297827082710334,-0.1332953528419547,-0.6263067675027584,-0.6655835357049052,1
0.7848930360453383,0.8972480992593679,-1.5944097617796542,-0.5634918425793681,2.961753618694212,3.101558318920631,0.31227039994353367,-0.6655835357049052,0
0.27481436324081504,-1.1145189394387667,-0.12078787406316197,1.7746485830611636,-0.2522866213054486,0.31863273365428896,0.05109737700974603,-0.6655835357049052,1
-0.7886337922372503,-1.1145189394387667,-1.447047573008005,1.7746485830611636,0.39062215744656265,0.1555308678511333,-0.37085407899826445,-0.6655835357049052,0
-1.469455721357468,-1.1145189394387667,0.7142645289761836,1.7746485830611636,-0.5276365804307703,-0.44250930676043715,-0.655906259752439,1.5024410105651447,0
-1.4474069858962288,0.8972480992593679,-1.250564654645806,-0.5634918425793681,-0.24839045883511335,0.7856971675451434,-0.6632068738667227,-0.6655835357049052,0
1.3785955713918794,0.8972480992593679,-1.4961683025985548,-0.5634918425793681,2.233379343677244,1.8884881920096612,0.6278271460511388,-0.6655835357049052,1
-1.0763429013046408,0.8972480992593679,-0.6119951699686594,-0.5634918425793681,-0.36806140627978423,-0.33547370732711634,-0.4598397469891506,-0.6655835357049052,0
-0.6165461008324559,-1.1145189394387667,-1.250564654645806,1.7746485830611636,0.10236432191331711,0.3445807577593364,-0.34899780274371783,-0.6655835357049052,0
-0.9545370822321848,0.8972480992593679,0.4195401514328852,-0.5634918425793681,-0.4646022137598903,-0.32199515036143883,-0.45052891194755046,-0.6655835357049052,0
-0.5060335365084393,-1.1145189394387667,-1.643530491370204,1.7746485830611636,2.151385211003906,1.079774774069015,-0.2658203839234112,-0.6655835357049052,1
-1.5041421466562468,-1.1145189394387667,-1.1032024658741568,-0.5634918425793681,-0.342954790963383,0.1555308678511333,-0.6691560108716976,-0.6655835357049052,0
0.06750247250160195,-1.1145189394387667,0.22305723307068623,-0.5634918425793681,-0.33545206460837995,-0.3009554516833082,-0.05534270590231853,-0.6655835357049052,1
-1.5105954350839268,0.8972480992593679,-1.643530491370204,-0.5634918425793681,0.5964101873105401,2.6972016099503073,-0.6751621797473015,-0.6655835357049052,0
1.0508222966693097,0.8972480992593679,1.4510754728344297,-0.5634918425793681,-0.3671816815060624,-0.3906132585503422,0.5274991743851538,1.5024410105651447,1
-0.9300683636105656,0.8972480992593679,1.3528340136533303,-0.5634918425793681,-0.5035780414833875,-0.3860182959484067,-0.4439905928473484,1.5024410105651447,0
0.14063974134863955,-1.1145189394387667,-0.9067195475119578,1.7746485830611636,0.023838638168630764,-0.2680809224987291,0.11276089506000211,-0.6655835357049052,1
1.3293892471308206,-1.1145189394387667,-1.2996853842363558,-0.5634918425793681,1.0764296452402935,-0.05242401104789001,0.6926056477464461,-0.6655835357049052,1
0.5281059340272468,0.8972480992593679,-1.0049610066930574,-0.5634918425793681,0.21450794689896524,0.9786855968264342,0.09832603075503496,-0.6655835357049052,1
0.1159021357092003,0.8972480992593679,-0.5628744403781096,-0.5634918425793681,-0.1559546552561289,0.04462159910498751,-0.03901324862114998,-0.6655835357049052,1
-0.6133194566186161,-1.1145189394387667,0.12481577388958674,-0.5634918425793681,-0.4028552851094409,-0.16439971507044107,-0.2331030382710315,-0.6655835357049052,0
-0.582935223604957,-1.1145189394387667,-0.022546414882062486,-0.5634918425793681,-0.3823514158658314,-0.4028664921555035,-0.2176698268088705,-0.6655835357049052,0
0.5931765923396848,0.8972480992593679,0.665143799385634,-0.5634918425793681,-0.3345853246000044,-0.3435608415065227,0.12207335483897562,1.5024410105651447,0
1.728148694557868,-1.1145189394387667,1.6475583911966287,1.7746485830611636,-0.3356591563883151,-0.05242401104789001,0.5431161949884831,1.5024410105651447,1
0.5665567775755057,0.8972480992593679,1.3037132840627805,-0.5634918425793681,-0.39170136319206955,-0.3836114107759643,-0.571381925797556,1.5024410105651447,0
0.20275264246505756,0.8972480992593679,1.2054718248816811,-0.5634918425793681,-0.4125058834122598,-0.37856089762723266,0.15993871905528556,1.5024410105651447,1
0.8069417715065779,-1.1145189394387667,0.7142645289761836,-0.5634918425793681,-0.3203620724545134,-0.25222379665675565,0.22868211402190503,1.5024410105651447,0
-0.12071843997239191,-1.1145189394387667,-1.2996853842363558,-0.5634918425793681,0.40303722264032127,-0.5376520618122779,-0.08526154107261417,-0.6655835357049052,1
-1.536677475812466,-1.1145189394387667,-0.07166714447261223,1.7746485830611636,-0.5026203779595514,-0.26037888994691344,-0.6733256801264534,-0.6655835357049052,0
0.21861697651643677,0.8972480992593679,-0.022546414882062486,-0.5634918425793681,-0.2789569533027086,-0.2680809224987291,-0.042990627515528616,-0.6655835357049052,1
1.6004273610933721,-1.1145189394387667,-1.6926512209607538,-0.5634918425793681,8.418941794057051,4.314628445831601,0.6907778555037217,-0.6655835357049052,1
-1.134153610135939,0.8972480992593679,0.22305723307068623,-0.5634918425793681,-0.4715540005686933,-0.4193037567477931,-0.5444676331211187,-0.6655835357049052,0
0.6649694260976224,0.8972480992593679,1.40195474324388,-0.5634918425793681,-0.39113726380587116,-0.38835112311554315,0.34485811749289513,1.5024410105651447,0
-1.044614233201882,0.8972480992593679,-0.6611158995592091,-0.5634918425793681,-0.3514897605071932,-0.326683344088631,-0.5069222119511003,-0.6655835357049052,1
0.12611984238635984,0.8972480992593679,1.2054718248816811,-0.5634918425793681,-0.4183397007906159,-0.37856089762723266,0.05940370981727814,1.5024410105651447,0
-1.40895614234797,-1.1145189394387667,1.40195474324388,1.7746485830611636,-0.5393029987475645,-0.38835112311554315,-0.6276092120891306,1.5024410105651447,0
-0.1726136344116504,-1.1145189394387667,-1.2014439250552562,1.7746485830611636,0.21547044147666625,1.4841314830393384,-0.15878395746352444,-0.6655835357049052,0
0.8962122614228147,0.8972480992593679,-1.054081736283607,-0.5634918425793681,0.38289247126270914,0.10931867254023923,0.22488666849220956,-0.6655835357049052,0
-0.5321155772369784,0.8972480992593679,1.2054718248816811,-0.5634918425793681,-0.46844912164049507,-0.37856089762723266,-0.27668673752416995,1.5024410105651447,0
0.5773122582883051,0.8972480992593679,-0.2681500628348112,-0.5634918425793681,-0.17314240847098092,-0.3811268841463463,0.16301056848293455,-0.6655835357049052,1
1.0336135275288303,0.8972480992593679,-0.022546414882062486,-0.5634918425793681,-0.17382826627525957,-0.4028664921555035,0.4999364860512255,-0.6655835357049052,0
1.4939481020366554,-1.1145189394387667,0.07569504429903699,1.7746485830611636,-0.14010216419270702,-0.5376520618122779,0.7077164174181184,-0.6655835357049052,0
-0.9268417193967258,-1.1145189394387667,-1.4961683025985548,-0.5634918425793681,0.44907047682139356,-0.5376520618122779,-0.4380717823132633,-0.6655835357049052,0
-0.3511546142441246,0.8972480992593679,-0.4646329811970102,-0.5634918425793681,-0.26931466528105535,-0.1782238760608795,-0.16727109372266447,-0.6655835357049052,1
-1.2142819414462962,0.8972480992593679,1.3037132840627805,-0.5634918425793681,-0.5229672903604335,-0.2295707597396507,-0.5472663413783744,1.5024410105651447,0
1.7222331801658282,-1.1145189394387667,-1.5452890321891044,1.7746485830611636,3.119581918743603,1.4032601412452734,0.8212204371077124,-0.6655835357049052,1
1.4934103280010151,-1.1145189394387667,0.3212986922517857,-0.5634918425793681,-0.19385412245006164,0.02656660186724286,0.5852697435288456,-0.6655835357049052,0
0.14037085433081942,0.8972480992593679,-0.8575988179214081,-0.5634918425793681,-0.009159089638904787,-0.2822688771994422,-0.020175403922369578,-0.6655835357049052,1
1.1962901733099252,0.8972480992593679,0.22305723307068623,-0.5634918425793681,-0.20760334517195225,-0.4193037567477931,0.41119804610893435,-0.6655835357049052,1
0.0739557609292816,-1.1145189394387667,0.17393650348013648,1.7746485830611636,-0.3280424425409948,-0.29503803643008397,0.005489432928947635,-0.6655835357049052,0
0.43291992971896975,0.8972480992593679,-1.054081736283607,-0.5634918425793681,0.23946517116508229,-0.5376520618122779,0.14088177833465357,-0.6655835357049052,1
-1.4353070700943291,0.8972480992593679,-0.16990860365371172,-0.5634918425793681,-0.4823404922080957,-0.5376520618122779,-0.6564928748701985,-0.6655835357049052,1
0.8932545042267949,-1.1145189394387667,0.7633852585667333,1.7746485830611636,-0.31806771702971853,-0.16439971507044107,0.23915568158130684,1.5024410105651447,0
-1.3005946741665135,-1.1145189394387667,0.12481577388958674,1.7746485830611636,-0.48468933552453397,-0.16439971507044107,-0.5755315821638667,-0.6655835357049052,0
1.1406305606211868,-1.1145189394387667,-0.6119951699686594,1.7746485830611636,0.060899014971279766,-0.33547370732711634,0.37320371029122623,-0.6655835357049052,0
0.9865582994103318,-1.1145189394387667,1.3528340136533303,1.7746485830611636,-0.36451058168907646,-0.3860182959484067,0.3058951929963258,1.5024410105651447,0
0.7305778584457002,-1.1145189394387667,-1.0049610066930574,1.7746485830611636,0.27327214287265555,-0.5376520618122779,0.2583634005595283,-0.6655835357049052,0
-1.620570225372303,0.8972480992593679,-0.5137537107875599,-0.5634918425793681,-0.4832485952003246,-0.5376520618122779,0.08971095083915268,-0.6655835357049052,1
-0.6872633865191137,0.8972480992593679,-0.9067195475119578,-0.5634918425793681,-0.18974844685777328,-0.2680809224987291,-0.3182815799571757,-0.6655835357049052,1
-0.8273535228033289,0.8972480992593679,1.5001962024249795,-0.5634918425793681,-0.5008600328947648,-0.3928078675542517,-0.40632225875056327,1.5024410105651447,0
-0.4880181063145002,0.8972480992593679,0.8616267177478328,-0.5634918425793681,-0.4473617102852029,-0.3579379689365787,-0.25189372906416946,1.5024410105651447,0
-1.440684810450729,-1.1145189394387667,0.7633852585667333,1.7746485830611636,-0.526494817265343,-0.4443389751268187,-0.6517226750008177,1.5024410105651447,0
1.5280967532997944,-1.1145189394387667,0.17393650348013648,-0.5634918425793681,-0.15922609628563364,-0.5376520618122779,0.5272300552456238,-0.6655835357049052,0
0.18877051753841775,-1.1145189394387667,0.7633852585667333,-0.5634918425793681,-0.38098004452019507,-0.2577128017559003,-0.4750382368335417,1.5024410105651447,0
-0.6789278889666939,-1.1145189394387667,1.6966791207871785,1.7746485830611636,-0.4968429609449069,-0.3326261248695788,-0.27359695955088076,1.5024410105651447,0
-0.35922122477872426,0.8972480992593679,-1.447047573008005,-0.5634918425793681,0.675490822883811,1.5418967271779558,-0.19949855624287433,-0.6655835357049052,1
-0.18363800214226994,0.8972480992593679,1.5493169320155293,-0.5634918425793681,-0.45838593717411513,-0.18086673036787504,-0.6047165807308308,1.5024410105651447,1
0.3525227113907925,-1.1145189394387667,-1.3979268434174552,-0.5634918425793681,0.9289650705897156,0.6754180650986917,0.012615446347628947,-0.6655835357049052,0
0.0556714437175224,-1.1145189394387667,0.7633852585667333,1.7746485830611636,-0.3928661521949225,-0.35102588844135946,-0.4750382368335417,1.5024410105651447,0
1.4667905132368364,-1.1145189394387667,0.3212986922517857,1.7746485830611636,-0.19672890198069332,-0.19912086360456543,0.6157289634529949,-0.6655835357049052,1
-0.009668101612735656,-1.1145189394387667,1.40195474324388,1.7746485830611636,-0.4393348301184225,-0.38835112311554315,-0.026357677882437567,1.5024410105651447,0
1.7211576320945476,-1.1145189394387667,-1.0049610066930574,1.7746485830611636,0.5607718745686384,0.06888300164320693,0.7792687436042856,-0.6655835357049052,0
1.229363276501784,-1.1145189394387667,-0.31727079242536094,-0.5634918425793681,-0.05791963997755946,-0.21416669463601934,0.3982667377860699,-0.6655835357049052,0
-1.0179944184377028,0.8972480992593679,-0.12078787406316197,-0.5634918425793681,-0.4288592354709063,0.31863273365428896,-0.49936062842198153,-0.6655835357049052,0
1.5060480178385547,-1.1145189394387667,-0.41551225160646044,1.7746485830611636,0.02682150424727159,0.1555308678511333,0.7166286730211234,-0.6655835357049052,0
-1.3401210657860523,-1.1145189394387667,0.026574314708487253,-0.5634918425793681,-0.48331608934163894,-0.40650934538947037,-0.5747011832233481,-0.6655835357049052,0
1.1105152146253476,0.8972480992593679,-0.31727079242536094,-0.5634918425793681,-0.07631629309513094,0.4328040397164979,0.3382105801381738,-0.6655835357049052,1
-0.4164941595743823,-1.1145189394387667,0.12481577388958674,1.7746485830611636,-0.37941924250230147,-0.41323461289833235,-0.2135464064819878,-0.6655835357049052,0
1.3221292976496806,0.8972480992593679,1.0581096361100317,-0.5634918425793681,-0.31308888279439034,-0.2866720355548359,0.44706025464669435,1.5024410105651447,1
1.287442872350902,-1.1145189394387667,-0.41551225160646044,-0.5634918425793681,-0.009433696911225961,-0.3643563293964251,0.3855365509687868,-0.6655835357049052,1
1.070182161952349,0.8972480992593679,0.9598681769289323,-0.5634918425793681,-0.3236677374565562,-0.2777084631884987,0.3769005251622868,1.5024410105651447,0
1.014522549263611,-1.1145189394387667,-0.12078787406316197,1.7746485830611636,-0.15125682480603628,0.03320446849876663,0.3020689320996996,-0.6655835357049052,0
-0.6818856461627137,0.8972480992593679,1.598437661606079,-0.5634918425793681,-0.4939977708365999,-0.326683344088631,-0.2985145065799019,1.5024410105651447,0
-1.4640779810010682,-1.1145189394387667,1.5001962024249795,1.7746485830611636,-0.5449911275618907,-0.3203857704252386,-0.6621189747322408,1.5024410105651447,0
-0.3382480373887649,0.8972480992593679,-1.250564654645806,-0.5634918425793681,0.2198501465329371,0.3445807577593364,-0.23919897606142446,-0.6655835357049052,1
-1.1403380115457986,0.8972480992593679,-1.4961683025985548,-0.5634918425793681,0.28383356986040165,2.6972016099503073,-0.5734262337751661,-0.6655835357049052,1
0.6821781952381019,0.8972480992593679,0.12481577388958674,-0.5634918425793681,-0.24860002106408927,-0.03998226615649549,0.3389596894892569,-0.6655835357049052,1
-0.5372244305755586,-1.1145189394387667,-1.1032024658741568,-0.5634918425793681,-0.02223227345795268,-0.1910605969805723,-0.3139365691516355,-0.6655835357049052,1
1.66334692326325,0.8972480992593679,-0.21902933324426146,-0.5634918425793681,-0.02893814784197361,-0.2343845300845355,0.7190330654821716,-0.6655835357049052,1
0.4936883957462879,0.8972480992593679,0.5669023402045344,-0.5634918425793681,-0.3330734277120049,-0.33547370732711634,0.13992772148857824,-0.6655835357049052,0
1.1279928707836473,-1.1145189394387667,0.8125059881572831,1.7746485830611636,-0.3028552208454485,-0.3545471369955278,0.47738954705385456,1.5024410105651447,0
-1.2836547920438541,0.8972480992593679,1.0089889065194821,-0.5634918425793681,-0.5203135357515639,-0.36739660540372077,-0.6026736219259137,1.5024410105651447,0
1.266200797943123,-1.1145189394387667,-1.0049610066930574,-0.5634918425793681,0.4287280238548483,0.06888300164320693,0.38540783320521477,-0.6655835357049052,1
1.4786215420209161,0.8972480992593679,-0.31727079242536094,-0.5634918425793681,-0.019336614095232078,0.10931867254023923,0.5134735747266924,-0.6655835357049052,1
-0.044354526911514695,-1.1145189394387667,-1.3488061138269056,1.7746485830611636,0.5540951103809829,0.0014902168148196936,-0.11306296903214828,-0.6655835357049052,1
0.372151463691652,0.8972480992593679,-1.4961683025985548,-0.5634918425793681,1.4544350832805277,0.2710613561283685,4.520819961809524,-0.6655835357049052,1
0.926596494436474,0.8972480992593679,-0.31727079242536094,-0.5634918425793681,-0.10478532190150833,-0.37590937822414866,0.4092800959499151,-0.6655835357049052,1
-1.135766932242859,-1.1145189394387667,0.5669023402045344,1.7746485830611636,-0.49071443151924854,-0.33547370732711634,-0.5464400342938643,-0.6655835357049052,0
0.009691763670303683,-1.1145189394387667,1.598437661606079,1.7746485830611636,-0.4474542022566337,-0.4673291559043956,-0.12601812799943946,1.5024410105651447,0
-0.35330571038668446,-1.1145189394387667,0.46866088102343495,1.7746485830611636,-0.4068914460466825,-0.4321677029504544,-0.182793564886484,-0.6655835357049052,0
-1.2352551288362557,0.8972480992593679,-1.643530491370204,-0.5634918425793681,1.0226131916633256,4.314628445831601,-0.5563621198584097,-0.6655835357049052,1
-0.46220495260378086,0.8972480992593679,-0.41551225160646044,-0.5634918425793681,-0.29960908920931206,-0.1910605969805723,-0.16017098887947126,-0.6655835357049052,0
-1.5087132259591867,0.8972480992593679,0.026574314708487253,-0.5634918425793681,-0.5044755026436762,-0.40650934538947037,-0.6777526247391906,-0.6655835357049052,1
-1.656601085760182,-1.1145189394387667,0.026574314708487253,-0.5634918425793681,-0.5230363915051125,-0.40650934538947037,-0.7490107786527185,-0.6655835357049052,0
-1.2745126334379744,0.8972480992593679,-0.4646329811970102,-0.5634918425793681,-0.42812338022761187,0.0014902168148196936,-0.5764435761806253,-0.6655835357049052,0
1.619518339358591,0.8972480992593679,0.37041942184233545,-0.5634918425793681,-0.18981781583634635,-0.5376520618122779,0.8079708890815974,-0.6655835357049052,1
0.1739817315583183,0.8972480992593679,-0.41551225160646044,-0.5634918425793681,-0.19409887279971139,-0.1910605969805723,0.11080135640044522,-0.6655835357049052,1
1.629198272000111,-1.1145189394387667,1.6475583911966287,1.7746485830611636,-0.3422234437321415,-0.3296971829132545,0.6084869103247118,1.5024410105651447,0
-0.2352643095637083,0.8972480992593679,-0.7593573587403086,-0.5634918425793681,-0.14867210168844905,-0.5376520618122779,-0.18149029753031626,-0.6655835357049052,0
-0.6568791535054546,-1.1145189394387667,-1.2014439250552562,-0.5634918425793681,0.028070145861586477,0.6754180650986917,-0.35002461944857716,-0.6655835357049052,0
0.02232945350784324,0.8972480992593679,0.12481577388958674,-0.5634918425793681,-0.3271683934109745,-0.28881716398438667,-0.02322974095955331,-0.6655835357049052,1
-0.2105267039242691,-1.1145189394387667,-1.447047573008005,-0.5634918425793681,0.7741335104146801,1.5418967271779558,-0.08081434234119728,-0.6655835357049052,1
-1.3774963612630309,0.8972480992593679,-0.6119951699686594,-0.5634918425793681,-0.42633134828114155,-0.1332953528419547,-0.626950101937687,-0.6655835357049052,0
0.49315062171064805,-1.1145189394387667,0.5669023402045344,1.7746485830611636,-0.33312545444593467,-0.33547370732711634,0.07528566062265771,-0.6655835357049052,1
-0.9919123777091636,-1.1145189394387667,0.5177816106139846,-0.5634918425793681,-0.47413616810011233,-0.22793202940947715,-0.4361719081229388,-0.6655835357049052,0
0.4189378047923303,0.8972480992593679,-1.1523231954647066,-0.5634918425793681,0.36390671543479436,0.20885263167139578,0.21804899700873898,-0.6655835357049052,1
0.5259548378846869,-1.1145189394387667,-1.1032024658741568,-0.5634918425793681,0.3304197938992419,0.5021223326828389,0.14189065684968466,-0.6655835357049052,1
-1.2156263765353963,0.8972480992593679,1.3037132840627805,-0.5634918425793681,-0.5230663889012521,-0.3836114107759643,-0.5423428869217406,1.5024410105651447,0
-1.5323752835273459,-1.1145189394387667,1.2054718248816811,-0.5634918425793681,-0.5445957905790371,-0.5376520618122779,-0.6986885689841965,1.5024410105651447,0
0.982256107125212,-1.1145189394387667,0.37041942184233545,1.7746485830611636,-0.2570741936983027,-0.4273729593658261,0.4990015589012505,-0.6655835357049052,0
-0.1398094182376115,0.8972480992593679,1.598437661606079,-0.5634918425793681,-0.4575157201922717,-0.326683344088631,-0.030157277196559047,1.5024410105651447,0
-1.5436685382757855,0.8972480992593679,-1.4961683025985548,-0.5634918425793681,-0.028326833718298767,1.079774774069015,-0.6971729173181347,-0.6655835357049052,1
1.7305686777182478,0.8972480992593679,0.07569504429903699,-0.5634918425793681,-0.11118625312436421,-0.15457728489302436,0.7781194679185103,-0.6655835357049052,1
-1.5450129733648854,0.8972480992593679,-0.21902933324426146,-0.5634918425793681,-0.49452538977960514,-0.3860182959484067,-0.6749416986748602,-0.6655835357049052,1
0.6824470822559217,0.8972480992593679,-1.2996853842363558,-0.5634918425793681,0.7760064728361524,0.4328040397164979,0.2592000660227469,-0.6655835357049052,1
1.6915800601343487,0.8972480992593679,0.7633852585667333,-0.5634918425793681,-0.24677508332009074,-0.5376520618122779,0.6310785567589705,1.5024410105651447,0
-0.9109773853453461,0.8972480992593679,-0.31727079242536094,-0.5634918425793681,-0.38922588164242006,-0.37590937822414866,-0.39618107439850847,-0.6655835357049052,0
-1.249775027798535,-1.1145189394387667,0.22305723307068623,1.7746485830611636,-0.48464951018223873,-0.4193037567477931,-0.5971399073580586,-0.6655835357049052,0
-1.3226434096277528,0.8972480992593679,0.27217796266123595,-0.5634918425793681,-0.4954971748455079,-0.5376520618122779,-0.6128087835068462,-0.6655835357049052,0
-0.6867256124834735,0.8972480992593679,-1.2014439250552562,-0.5634918425793681,0.016520210929174533,1.079774774069015,-0.2792321898068831,-0.6655835357049052,1
-1.3936295823322304,-1.1145189394387667,-0.6119951699686594,1.7746485830611636,-0.4294529523169286,0.6754180650986917,-0.6169218688705179,-0.6655835357049052,0
0.6724982625965822,0.8972480992593679,-1.6926512209607538,-0.5634918425793681,6.264410688556862,9.16690895347548,0.23144851619659706,-0.6655835357049052,1
-1.529148639313506,0.8972480992593679,0.5177816106139846,-0.5634918425793681,-0.5272167201299203,-0.22793202940947715,-0.711109693258294,-0.6655835357049052,0
0.03362270825628292,0.8972480992593679,-0.7102366291497588,-0.5634918425793681,-0.11251554862285729,-0.3170938569193743,-0.04801613677042318,-0.6655835357049052,0
1.7370219661459272,-1.1145189394387667,0.026574314708487253,-0.5634918425793681,-0.0971146127411367,-0.01308119612104775,0.6398249287936967,-0.6655835357049052,0
1.0984152988234481,-1.1145189394387667,0.9107474473383826,-0.5634918425793681,-0.31622575235461564,-0.36120549789795503,0.34508270317412776,1.5024410105651447,0
0.403611244776591,0.8972480992593679,1.0581096361100317,-0.5634918425793681,-0.3866295682167931,-0.2866720355548359,0.19652806440139337,1.5024410105651447,0
-0.6765079058063138,-1.1145189394387667,-1.6926512209607538,1.7746485830611636,3.132193199048183,4.314628445831601,-0.3595977105738822,-0.6655835357049052,1
0.4339954777902499,0.8972480992593679,1.3528340136533303,-0.5634918425793681,-0.4046036835237158,-0.5376520618122779,0.1425155745194227,1.5024410105651447,0
0.09546672235488082,-1.1145189394387667,0.9107474473383826,1.7746485830611636,-0.4009063563799649,-0.36120549789795503,-0.016007093678692335,1.5024410105651447,0
-0.2575819320427675,-1.1145189394387667,0.9598681769289323,1.7746485830611636,-0.4337711712331006,-0.3643563293964251,-0.060498115619716866,1.5024410105651447,0
-1.290108080471534,-1.1145189394387667,0.22305723307068623,1.7746485830611636,-0.48921771121021973,-0.18260714661882338,-0.5988862856153233,-0.6655835357049052,0
1.3522446436455198,0.8972480992593679,-1.0049610066930574,-0.5634918425793681,0.45370085614114425,-0.2343845300845355,0.4172423104918724,-0.6655835357049052,0
-0.1747647305542103,0.8972480992593679,-0.7102366291497588,-0.5634918425793681,-0.15650178730894684,-0.5376520618122779,-0.18359455714094144,-0.6655835357049052,0
-1.0666629686631213,0.8972480992593679,0.5669023402045344,-0.5634918425793681,-0.48402899620927137,-0.4365628845696971,-0.48375996078588135,-0.6655835357049052,0
-0.46139829155032086,-1.1145189394387667,0.8616267177478328,-0.5634918425793681,-0.4450725339922924,-0.2680809224987291,-0.2169038693785788,1.5024410105651447,0
-0.2992594198048661,-1.1145189394387667,-1.2996853842363558,1.7746485830611636,0.32012741944981854,-0.05242401104789001,-0.17656105077432177,-0.6655835357049052,0
1.1457394139597665,-1.1145189394387667,0.8125059881572831,-0.5634918425793681,-0.3013003086464905,-0.44609959940390287,0.43975074024624033,1.5024410105651447,0
0.8174283652015575,-1.1145189394387667,1.0581096361100317,-0.5634918425793681,-0.3534975088300607,-0.3703320443073166,0.1992128459647424,1.5024410105651447,0
0.9421919414700335,0.8972480992593679,-0.4646329811970102,-0.5634918425793681,-0.04687147399015927,0.3609184025662181,0.3768040408470611,-0.6655835357049052,1
-1.7084962801994403,-1.1145189394387667,0.27217796266123595,1.7746485830611636,-0.5381590966679303,-0.07553010870333711,-0.7695738338155712,-0.6655835357049052,0
-0.2922683573415466,-1.1145189394387667,-0.022546414882062486,1.7746485830611636,-0.34485748294710084,-0.2680809224987291,-0.21981463251502079,-0.6655835357049052,1
-0.06452105324801403,-1.1145189394387667,1.3528340136533303,-0.5634918425793681,-0.4407752702883977,-0.3860182959484067,-0.1373150046611812,1.5024410105651447,0
-1.6799942563105212,-1.1145189394387667,-0.5137537107875599,-0.5634918425793681,-0.4938620489220004,0.3954788050423142,-0.7771437192123325,-0.6655835357049052,0
-0.8386467775517685,-1.1145189394387667,0.12481577388958674,1.7746485830611636,-0.4296850715913845,-0.41323461289833235,-0.4447597540698969,-0.6655835357049052,0
0.9107321603850944,0.8972480992593679,-1.643530491370204,-0.5634918425793681,4.344416099612136,2.6972016099503073,0.38888321282166205,-0.6655835357049052,0
-1.2677904579924746,-1.1145189394387667,-1.3979268434174552,1.7746485830611636,-0.01157422539290845,0.06888300164320693,-0.6065317070358389,-0.6655835357049052,0
0.12423763326162009,0.8972480992593679,-0.07166714447261223,-0.5634918425793681,-0.28225297077033634,-0.12174230401423115,-0.03179786080961727,-0.6655835357049052,1
-0.9946012478873636,-1.1145189394387667,-0.9067195475119578,1.7746485830611636,-0.2690371893667632,-0.5376520618122779,-0.498524307123906,-0.6655835357049052,0
-1.7044629749321405,-1.1145189394387667,0.37041942184233545,-0.5634918425793681,-0.5406293530217912,-0.5376520618122779,-0.7451789556014489,-0.6655835357049052,0
-0.9037174358642065,0.8972480992593679,1.1563510952911313,-0.5634918425793681,-0.49498582637488375,-0.37590937822414866,-0.38088195636048633,1.5024410105651447,0
1.6641535843167101,-1.1145189394387667,0.7633852585667333,1.7746485830611636,-0.24922434187124667,-0.4443389751268187,0.5915455457493957,1.5024410105651447,0
1.0548556019366098,0.8972480992593679,0.9107474473383826,-0.5634918425793681,-0.31990356947314286,-0.4494287798551164,0.37112016144870896,1.5024410105651447,0
1.607149536538872,0.8972480992593679,-0.5628744403781096,-0.5634918425793681,0.1210440004634666,-0.1494696212007676,0.5614020223653353,-0.6655835357049052,1
-0.04166565673331455,0.8972480992593679,-0.5137537107875599,-0.5634918425793681,-0.2012476890750741,-0.35102588844135946,-0.053249948143281156,-0.6655835357049052,0
-1.3632453493185714,-1.1145189394387667,1.7457998503777281,1.7746485830611636,-0.5424376761677748,-0.4028664921555035,-0.6592048029168532,1.5024410105651447,0
0.16833510418409867,-1.1145189394387667,0.8125059881572831,-0.5634918425793681,-0.3869382759678924,-0.3545471369955278,0.07501856072987698,1.5024410105651447,1
-0.15863150948501098,-1.1145189394387667,1.6966791207871785,-0.5634918425793681,-0.46281308032942603,-0.3326261248695788,-0.09782880797771878,1.5024410105651447,0
1.204625670862345,0.8972480992593679,-0.12078787406316197,-0.5634918425793681,-0.12529242417896086,-0.10950966407899447,0.6051255451383695,-0.6655835357049052,1
-1.40411617602721,-1.1145189394387667,0.665143799385634,-0.5634918425793681,-0.5200835228226112,-0.4406064516594003,-0.6641355331274985,1.5024410105651447,0
-0.04032122164421467,-1.1145189394387667,-0.31727079242536094,1.7746485830611636,-0.2544558300707092,-0.37590937822414866,0.0077139626816739955,-0.6655835357049052,1
-1.222348551980896,0.8972480992593679,1.3528340136533303,-0.5634918425793681,-0.5247854389015154,-0.4618351788803423,-0.5336314822241696,1.5024410105651447,0
-0.611975021529516,0.8972480992593679,-0.6611158995592091,-0.5634918425793681,-0.2641391362709969,-0.11571462636498411,-0.3511251563271189,-0.6655835357049052,1
0.830603829074737,0.8972480992593679,-0.4646329811970102,-0.5634918425793681,-0.06606355806203489,-0.1782238760608795,0.29689258774323624,-0.6655835357049052,1
-0.08307425747759337,-1.1145189394387667,-0.3663915220159107,-0.5634918425793681,-0.24932204724955517,-0.3703320443073166,-0.1320927411105407,-0.6655835357049052,0
-0.4328962676614017,-1.1145189394387667,0.665143799385634,1.7746485830611636,-0.42988165260451,-0.4406064516594003,-0.25937438220623865,1.5024410105651447,0
-0.36809449636678393,-1.1145189394387667,1.7457998503777281,1.7746485830611636,-0.4782540287430654,-0.33547370732711634,-0.23141657317101658,1.5024410105651447,0
-0.14088496630889125,0.8972480992593679,0.665143799385634,-0.5634918425793681,-0.4027611567415926,-0.4406064516594003,-0.08403793425073876,1.5024410105651447,1
0.9970448931053114,-1.1145189394387667,-0.7593573587403086,1.7746485830611636,0.12382906585463348,0.6176528209600741,0.3707822773193321,-0.6655835357049052,0
1.3713356219107393,0.8972480992593679,1.3528340136533303,-0.5634918425793681,-0.33659173559400646,-0.3860182959484067,0.6981423504052413,1.5024410105651447,1
1.592360750558772,0.8972480992593679,1.2545925544722307,-0.5634918425793681,-0.3114798157085353,-0.30286429531338055,0.5274957851961205,1.5024410105651447,0
1.0037670685508113,-1.1145189394387667,0.665143799385634,1.7746485830611636,-0.2964518096988304,-0.5376520618122779,0.5329554294520599,1.5024410105651447,0
-0.6445103506857349,0.8972480992593679,1.7457998503777281,-0.5634918425793681,-0.4960818562363378,-0.33547370732711634,-0.3494750555783707,1.5024410105651447,0
0.6585161376699424,-1.1145189394387667,-1.6926512209607538,-0.5634918425793681,6.231946006584676,-0.5376520618122779,0.31914392851828527,-0.6655835357049052,1
-0.21724887936976886,0.8972480992593679,-1.1032024658741568,-0.5634918425793681,0.0839022637588055,0.8487137975145445,-0.15601175488835364,-0.6655835357049052,1
-0.856662207745708,-1.1145189394387667,0.7633852585667333,1.7746485830611636,-0.4743400175289632,-0.4443389751268187,-0.4467275218991681,1.5024410105651447,0
1.1922568680426253,0.8972480992593679,1.0089889065194821,-0.5634918425793681,-0.3186031500566396,-0.36739660540372077,0.5871618946533558,1.5024410105651447,1
-1.6125036148377034,-1.1145189394387667,1.3037132840627805,1.7746485830611636,-0.5523202781509132,-0.3065910852578075,-0.7395220995798439,1.5024410105651447,0
1.405215386156058,0.8972480992593679,-0.16990860365371172,-0.5634918425793681,-0.08262382512865449,-0.3906132585503422,0.6221970310724941,-0.6655835357049052,1
-0.13389390384557173,0.8972480992593679,-0.2681500628348112,-0.5634918425793681,-0.27967973330525997,-0.5376520618122779,-0.07909982173041646,-0.6655835357049052,0
0.48051293187310845,-1.1145189394387667,-0.31727079242536094,-0.5634918425793681,-0.17383520317311688,-0.21416669463601934,0.16656277928860377,-0.6655835357049052,0
0.5579523930052658,0.8972480992593679,0.665143799385634,-0.5634918425793681,-0.33785676562950917,-0.3435608415065227,-0.45287382601436216,1.5024410105651447,1
1.3820911026235392,-1.1145189394387667,0.46866088102343495,-0.5634918425793681,-0.23170159868173193,-0.326683344088631,0.6351022740482354,-0.6655835357049052,1
0.4786307227483683,-1.1145189394387667,-0.2681500628348112,-0.5634918425793681,-0.1879247140339981,-0.5376520618122779,0.07432660373701237,-0.6655835357049052,1
0.3990401654736511,0.8972480992593679,-0.9558402771025076,-0.5634918425793681,0.13122997805600636,0.31863273365428896,0.17708778669599984,-0.6655835357049052,1
-1.5140909663155866,0.8972480992593679,0.22305723307068623,-0.5634918425793681,-0.5145864542522741,0.054089463510146304,-0.6597691441961202,-0.6655835357049052,0
0.06508248934122193,-1.1145189394387667,-0.8084780883308583,1.7746485830611636,-0.05627559518537829,-0.29503803643008397,-0.0952249734350102,-0.6655835357049052,0
-1.222079664963076,-1.1145189394387667,-0.8575988179214081,-0.5634918425793681,-0.34215209278275205,-0.026885692586606495,-0.593143220799144,-0.6655835357049052,0
0.8308727160925571,-1.1145189394387667,-1.6926512209607538,-0.5634918425793681,6.63213564397257,4.314628445831601,0.38239583753762696,-0.6655835357049052,1
0.043571527915622715,0.8972480992593679,0.5669023402045344,-0.5634918425793681,-0.37661980401123357,0.06888300164320693,-0.02753874466765035,-0.6655835357049052,1
0.6308207748344836,-1.1145189394387667,1.5001962024249795,1.7746485830611636,-0.3997946079032846,-0.4652299646832648,0.21382061847539474,1.5024410105651447,0
-1.6012103600892638,0.8972480992593679,0.12481577388958674,-0.5634918425793681,-0.520483728468225,-0.28881716398438667,-0.7449685327801185,-0.6655835357049052,0
-1.4506336301100689,-1.1145189394387667,0.7633852585667333,-0.5634918425793681,-0.5273832737986055,-0.4443389751268187,-0.6582259507144705,1.5024410105651447,0
0.7569287861920595,-1.1145189394387667,1.3528340136533303,-0.5634918425793681,-0.3811721432300896,-0.4618351788803423,0.19450467922620365,1.5024410105651447,1
-1.494999988050367,0.8972480992593679,-1.5452890321891044,-0.5634918425793681,0.13158253568828357,1.4032601412452734,-0.6794195197774495,-0.6655835357049052,0
-1.497957745246387,0.8972480992593679,-1.6926512209607538,-0.5634918425793681,1.2248931331823236,-0.5376520618122779,-0.6612606612815122,-0.6655835357049052,0
-1.7047318619499603,0.8972480992593679,-1.3488061138269056,-0.5634918425793681,-0.30261177499611674,1.6189170526961123,-0.7802634516480301,-0.6655835357049052,1
1.5966629428438919,0.8972480992593679,-0.31727079242536094,-0.5634918425793681,-0.0010648251390922257,-0.21416669463601934,0.6477430685979896,-0.6655835357049052,1
0.8311416031103768,-1.1145189394387667,0.9598681769289323,-0.5634918425793681,-0.3434899230838036,-0.2777084631884987,0.4564551240187818,1.5024410105651447,0
-0.5122179379182992,0.8972480992593679,-1.5944097617796542,-0.5634918425793681,1.4558918318305618,0.6754180650986917,-0.2259114413278742,-0.6655835357049052,0
-0.7103876700516328,0.8972480992593679,-0.16990860365371172,-0.5634918425793681,-0.380330256081044,-0.3906132585503422,-0.29348223355807185,-0.6655835357049052,0
-0.524586740738019,0.8972480992593679,-1.250564654645806,-0.5634918425793681,0.14118572483110453,0.7856971675451434,-0.27265529716909104,-0.6655835357049052,0
0.9607451456996128,-1.1145189394387667,-0.07166714447261223,-0.5634918425793681,-0.17126656899509782,-0.26037888994691344,0.4551028234546563,-0.6655835357049052,0
0.5649434554685857,-1.1145189394387667,0.9598681769289323,1.7746485830611636,-0.3655641230511546,-0.3643563293964251,0.09684179792489947,1.5024410105651447,0
-1.0994671848371602,0.8972480992593679,-0.16990860365371172,-0.5634918425793681,-0.43508129898751424,-0.5376520618122779,-0.5459287406348666,-0.6655835357049052,0
-1.1384558024210587,0.8972480992593679,0.7142645289761836,-0.5634918425793681,-0.49749779950485823,-0.44250930676043715,-0.5535424285295987,1.5024410105651447,0
-1.4030406279559302,-1.1145189394387667,-1.3979268434174552,-0.5634918425793681,-0.09008256689295159,0.6754180650986917,-0.645654551860989,-0.6655835357049052,0
0.5611790372191059,-1.1145189394387667,-1.3488061138269056,-0.5634918425793681,0.8665329898739754,-0.5376520618122779,0.29283240867209837,-0.6655835357049052,0
0.924983172329554,0.8972480992593679,1.4510754728344297,-0.5634918425793681,-0.37603568568029466,-0.24357445528840646,0.3222682056811735,1.5024410105651447,0
-0.8203624603400091,0.8972480992593679,1.0581096361100317,-0.5634918425793681,-0.48462640663680995,-0.11935201804987454,-0.36765815242115135,1.5024410105651447,0
-1.6738098549006615,0.8972480992593679,1.5493169320155293,-0.5634918425793681,-0.5601502287407715,-0.5376520618122779,-0.7438450178090618,1.5024410105651447,0
-1.4597757887159484,0.8972480992593679,1.1563510952911313,-0.5634918425793681,-0.5380223406816006,-0.5376520618122779,-0.6565247202448619,1.5024410105651447,0
1.6361893344634304,-1.1145189394387667,0.9107474473383826,1.7746485830611636,-0.2708206027431684,-0.00831237006930935,0.6229693376539268,1.5024410105651447,1
-0.7141520883011128,-1.1145189394387667,1.5493169320155293,-0.5634918425793681,-0.49461490636592553,-0.5376520618122779,-0.33098202268721366,1.5024410105651447,0
0.9419230544522134,0.8972480992593679,0.7633852585667333,-0.5634918425793681,-0.31372148371835357,-0.4443389751268187,0.32822988829984695,1.5024410105651447,0
0.4366843479684496,-1.1145189394387667,-1.3488061138269056,-0.5634918425793681,0.8022973157153362,-0.5376520618122779,0.05682517121851957,-0.6655835357049052,0
-0.41192308027144237,0.8972480992593679,-0.07166714447261223,-0.5634918425793681,-0.3533898673115853,-0.12174230401423115,-0.13167413796346158,-0.6655835357049052,1
-1.0279432380970424,-1.1145189394387667,-0.022546414882062486,1.7746485830611636,-0.4397542456350257,-0.2680809224987291,-0.5169761391480141,-0.6655835357049052,0
-1.3226434096277528,-1.1145189394387667,-0.16990860365371172,1.7746485830611636,-0.46648652746876534,-0.09653565202647074,-0.6390218519233496,-0.6655835357049052,0
0.402804583723131,0.8972480992593679,0.5177816106139846,-0.5634918425793681,-0.3363339541969022,-0.021452007807609957,0.22747197676589395,-0.6655835357049052,1
0.9607451456996128,0.8972480992593679,-0.9558402771025076,-0.5634918425793681,0.2846659976032782,0.8894892639653335,0.32477693964661036,-0.6655835357049052,1
0.5039061024234475,-1.1145189394387667,1.598437661606079,1.7746485830611636,-0.41419328505213215,-0.3970062499965133,0.21948741801665747,1.5024410105651447,0
0.1067599771033205,0.8972480992593679,0.07569504429903699,-0.5634918425793681,-0.30962169283086644,-0.15457728489302436,-0.022968057563113622,-0.6655835357049052,1
-1.6004036990358037,0.8972480992593679,0.9107474473383826,-0.5634918425793681,-0.544091495679664,-0.00831237006930935,-0.7296376825870841,1.5024410105651447,1
1.6383404306059908,0.8972480992593679,-1.054081736283607,-0.5634918425793681,0.6126425282966326,0.4328040397164979,0.5917129870082276,-0.6655835357049052,1
1.04490678227727,-1.1145189394387667,0.9598681769289323,-0.5634918425793681,-0.3257636715948703,-0.3643563293964251,0.3714241694030364,1.5024410105651447,0
-0.7232942469069924,0.8972480992593679,0.6160230697950841,-0.5634918425793681,-0.45389277602296435,-0.24057366338510167,-0.35736284840386123,-0.6655835357049052,0
1.6786734832789894,-1.1145189394387667,-1.3979268434174552,-0.5634918425793681,1.6987526258147907,0.06888300164320693,2.938281029320106,-0.6655835357049052,0
0.3568249036759123,0.8972480992593679,-1.3979268434174552,-0.5634918425793681,0.9314623538183451,0.06888300164320693,0.1226360353483051,-0.6655835357049052,1
0.28879648816745446,-1.1145189394387667,-0.12078787406316197,1.7746485830611636,-0.2503769341306142,0.03320446849876663,0.18905590584486157,-0.6655835357049052,0
0.8679791245517158,-1.1145189394387667,-0.6119951699686594,1.7746485830611636,0.008143906766479487,-0.5376520618122779,0.2157740504482142,-0.6655835357049052,0
1.0906175753066685,-1.1145189394387667,-0.8084780883308583,-0.5634918425793681,0.1818403606644543,0.9180320904808856,0.4370385605597344,-0.6655835357049052,1
0.5477346863281063,0.8972480992593679,-0.8084780883308583,-0.5634918425793681,0.05578998969937512,-0.05242401104789001,0.22280884441325338,-0.6655835357049052,1
-1.2992502390774137,-1.1145189394387667,0.026574314708487253,1.7746485830611636,-0.4781865346017511,-0.14422391254385528,-0.557810194698596,-0.6655835357049052,0
-0.5646509063931976,-1.1145189394387667,-0.31727079242536094,1.7746485830611636,-0.33561753500117125,-0.21416669463601934,-0.34381868817736844,-0.6655835357049052,0
1.4971747462504954,0.8972480992593679,1.2054718248816811,-0.5634918425793681,-0.31396554355469497,-0.5376520618122779,0.6352586661309754,1.5024410105651447,0
-0.9617970317133245,0.8972480992593679,-1.643530491370204,-0.5634918425793681,1.4459026989160435,1.079774774069015,-0.40778964125528544,-0.6655835357049052,0
-0.4460717315345815,0.8972480992593679,-1.6926512209607538,-0.5634918425793681,3.6672361307820744,9.16690895347548,26.67636501666138,-0.6655835357049052,1
-0.2366087446528082,0.8972480992593679,0.5669023402045344,-0.5634918425793681,-0.4037257323886507,-0.2343845300845355,-0.06926055372268879,-0.6655835357049052,1
-0.21106447795990896,-1.1145189394387667,1.6475583911966287,-0.5634918425793681,-0.4643049181374343,-0.3296971829132545,-0.21059962388729445,1.5024410105651447,1
0.3955446342419913,0.8972480992593679,-0.7593573587403086,-0.5634918425793681,-0.009180995632138372,0.6176528209600741,0.19036952913018948,-0.6655835357049052,0
1.5496077147253933,0.8972480992593679,-1.2014439250552562,-0.5634918425793681,0.8819329031171913,-0.1332953528419547,0.7769988643517658,-0.6655835357049052,1
-0.9055996449889464,-1.1145189394387667,-1.643530491370204,1.7746485830611636,1.5328913980466412,5.932055281712894,-0.4051831065429499,-0.6655835357049052,0
-1.322105635592113,0.8972480992593679,1.5493169320155293,-0.5634918425793681,-0.5361322400418926,-0.4662949955233973,-0.6083951230860506,1.5024410105651447,1
-1.0567141490037815,0.8972480992593679,-1.1523231954647066,-0.5634918425793681,-0.16321214451594632,-0.16439971507044107,-0.5371509936452701,-0.6655835357049052,0
1.3533201917168003,0.8972480992593679,-0.7593573587403086,-0.5634918425793681,0.20261240580544837,-0.3065910852578075,0.681029415679587,-0.6655835357049052,1
0.5106282778689473,-1.1145189394387667,-1.4961683025985548,-0.5634918425793681,1.5616101551758812,-0.5376520618122779,0.17910929917290014,-0.6655835357049052,1
-0.7474940785107915,-1.1145189394387667,0.07569504429903699,-0.5634918425793681,-0.4140147035855539,-0.40996046950586007,-0.4181625535699612,-0.6655835357049052,1
1.105137474268948,-1.1145189394387667,0.12481577388958674,-0.5634918425793681,-0.19823814262005895,-0.03998226615649549,0.49784855811172996,-0.6655835357049052,0
1.2640497018005625,0.8972480992593679,-1.2996853842363558,-0.5634918425793681,1.0460876540124437,0.4328040397164979,0.5053213017490054,-0.6655835357049052,0
1.212154507361305,-1.1145189394387667,0.8616267177478328,1.7746485830611636,-0.3011550264460827,-0.4477950153744283,0.37532048922414263,1.5024410105651447,0
1.4651771911299165,0.8972480992593679,0.4195401514328852,-0.5634918425793681,-0.21490163848835922,-0.4298236060868583,0.505197849712125,-0.6655835357049052,0
-0.8652665923159477,0.8972480992593679,-0.5628744403781096,-0.5634918425793681,-0.3382063852815173,-0.3435608415065227,-0.45978035493411107,-0.6655835357049052,0
0.8924478431733348,0.8972480992593679,-0.2681500628348112,-0.5634918425793681,-0.12593569969753102,-0.22460170648041478,0.37110857684998744,-0.6655835357049052,1
-0.13712054805941137,-1.1145189394387667,1.1563510952911313,1.7746485830611636,-0.43565453900135875,-0.37590937822414866,-0.07022228847626781,1.5024410105651447,0
1.1962901733099252,0.8972480992593679,-1.054081736283607,-0.5634918425793681,0.47579140736773035,-0.5376520618122779,0.4833969889622849,-0.6655835357049052,1
0.799412935007618,0.8972480992593679,-1.2996853842363558,-0.5634918425793681,0.8303223830588463,0.4328040397164979,0.3949586912622663,-0.6655835357049052,1
0.9671984341272925,0.8972480992593679,0.22305723307068623,-0.5634918425793681,-0.23355072701088425,-0.4193037567477931,0.4841317835097624,-0.6655835357049052,0
0.5466591382568261,0.8972480992593679,1.5001962024249795,-0.5634918425793681,-0.4056278142507553,-0.3928078675542517,0.23000044135641068,1.5024410105651447,0
-1.1266247736369792,-1.1145189394387667,-0.5137537107875599,1.7746485830611636,-0.39502726268123656,-0.16439971507044107,-0.5677405127226582,-0.6655835357049052,0
0.15811739750693873,0.8972480992593679,-0.6611158995592091,-0.5634918425793681,-0.10865611090588428,-0.5376520618122779,0.0754882230451764,-0.6655835357049052,0
1.6950755913660085,-1.1145189394387667,-1.5452890321891044,1.7746485830611636,3.0943593581344437,1.4032601412452734,0.6684485414680477,-0.6655835357049052,1
1.5297100754067146,0.8972480992593679,-0.4646329811970102,-0.5634918425793681,0.054176004797909016,-0.5376520618122779,0.6468722263492703,-0.6655835357049052,0
-1.5961015067506839,-1.1145189394387667,1.1072303657005815,-0.5634918425793681,-0.5476700371320916,-0.290925934304962,-0.7125384893809679,1.5024410105651447,0
-1.1707222445594578,-1.1145189394387667,-0.31727079242536094,1.7746485830611636,-0.42943214162335663,0.10931867254023923,-0.552493263354353,-0.6655835357049052,0
-1.2866125492398741,0.8972480992593679,0.07569504429903699,-0.5634918425793681,-0.4798969782355849,-0.026885692586606495,-0.552174443969222,-0.6655835357049052,1
0.7908085504373782,0.8972480992593679,1.6966791207871785,-0.5634918425793681,-0.40071514314427725,-0.3326261248695788,0.20998059982299946,1.5024410105651447,1
1.111590762696628,-1.1145189394387667,-0.8575988179214081,1.7746485830611636,0.22821425304030898,0.2284974920262292,0.4953778545130589,-0.6655835357049052,1
-1.0005167622794033,-1.1145189394387667,0.3212986922517857,-0.5634918425793681,-0.46318321484005653,-0.3119645963404696,-0.5196306671979102,-0.6655835357049052,0
0.02125390543656349,0.8972480992593679,0.27217796266123595,-0.5634918425793681,-0.34690882274204654,-0.5376520618122779,0.0598071458223474,-0.6655835357049052,1
1.191719094006985,0.8972480992593679,0.12481577388958674,-0.5634918425793681,-0.18792884518904962,-0.28881716398438667,0.3636318361874223,-0.6655835357049052,0
0.8144706080055376,-1.1145189394387667,-0.07166714447261223,-0.5634918425793681,-0.19067402722901933,-0.12174230401423115,0.20898802361657656,-0.6655835357049052,0
0.14843746486541906,-1.1145189394387667,-0.9067195475119578,1.7746485830611636,0.025850338547249038,-0.2680809224987291,-0.004788709613952462,-0.6655835357049052,1
0.31676073802073373,0.8972480992593679,0.07569504429903699,-0.5634918425793681,-0.28395882175771225,-0.2822688771994422,0.0744020601773334,-0.6655835357049052,0
0.030127177024623156,0.8972480992593679,-0.5137537107875599,-0.5634918425793681,-0.1884251001896106,-0.35102588844135946,-0.07773515600102494,-0.6655835357049052,0
-0.7068921388199729,0.8972480992593679,-0.41551225160646044,-0.5634918425793681,-0.3401899416745431,-0.3643563293964251,-0.32671032198120453,-0.6655835357049052,1
0.22802802214013668,-1.1145189394387667,1.0581096361100317,1.7746485830611636,-0.40068755052968213,-0.3703320443073166,0.052153478545504284,1.5024410105651447,0
0.6612050078481425,0.8972480992593679,-0.21902933324426146,-0.5634918425793681,-0.17436587585920066,-0.08275076422066428,0.13289721378267294,-0.6655835357049052,0
1.3057271895626614,-1.1145189394387667,-1.447047573008005,-0.5634918425793681,1.7800035194319896,0.8487137975145445,0.47302601486875956,-0.6655835357049052,1
0.47728628765926845,0.8972480992593679,0.22305723307068623,-0.5634918425793681,-0.2890391421640932,-0.5376520618122779,0.24578445711444236,-0.6655835357049052,0
0.9136899175811143,0.8972480992593679,-1.1523231954647066,-0.5634918425793681,0.5406375285378124,0.5821049784132326,0.4122068715809308,-0.6655835357049052,1
-1.1873932396642972,-1.1145189394387667,0.8616267177478328,1.7746485830611636,-0.5075046147080324,-0.3579379689365787,-0.5240356249920901,1.5024410105651447,0
-0.1336250168277516,-1.1145189394387667,1.7457998503777281,-0.5634918425793681,-0.4631315914141417,-0.4028664921555035,-0.05457685787064249,1.5024410105651447,0
-1.71441179459148,-1.1145189394387667,-1.250564654645806,-0.5634918425793681,-0.36110874274553134,-0.5376520618122779,-0.7816478111952483,-0.6655835357049052,0
-0.8846264575989871,0.8972480992593679,0.46866088102343495,-0.5634918425793681,-0.46052874669637917,-0.11571462636498411,-0.46315372572292746,-0.6655835357049052,1
0.7924218725442982,-1.1145189394387667,-0.9067195475119578,1.7746485830611636,0.19198904222969065,0.0014902168148196936,0.24734667432438467,-0.6655835357049052,0
1.7200820840232678,-1.1145189394387667,-0.4646329811970102,1.7746485830611636,0.08691816268438593,-0.1782238760608795,0.8218353119629298,-0.6655835357049052,0
-1.4003517577777302,0.8972480992593679,1.3037132840627805,-0.5634918425793681,-0.5366825284097326,-0.4606317362941211,-0.6004359125426892,1.5024410105651447,0
-0.3436257777451648,0.8972480992593679,0.5177816106139846,-0.5634918425793681,-0.4100835099700488,-0.3311720402104107,-0.18280414212879492,-0.6655835357049052,1
1.0497467485980299,0.8972480992593679,1.40195474324388,-0.5634918425793681,-0.36364793841995613,-0.38835112311554315,0.27766563481469614,1.5024410105651447,0
-1.033858752489082,0.8972480992593679,-1.643530491370204,-0.5634918425793681,1.3343573813705878,2.6972016099503073,-0.5179591750966664,-0.6655835357049052,0
0.19334159684135765,-1.1145189394387667,0.9107474473383826,-0.5634918425793681,-0.3926426191506815,-0.1847589339836322,0.011579268350873412,1.5024410105651447,0
0.8155461560768174,0.8972480992593679,1.4510754728344297,-0.5634918425793681,-0.38373564230190255,-0.5376520618122779,0.33863100581379046,1.5024410105651447,0
0.40630011495479074,-1.1145189394387667,0.7633852585667333,-0.5634918425793681,-0.36155406248210514,-0.4443389751268187,0.04279446176208618,1.5024410105651447,0
-1.0897872521956404,0.8972480992593679,0.8616267177478328,-0.5634918425793681,-0.4991109683006941,-0.1782238760608795,-0.4575968584376664,1.5024410105651447,0
-0.5046891014193394,-1.1145189394387667,0.026574314708487253,1.7746485830611636,-0.3784639408098528,-0.5376520618122779,-0.27186046497903316,-0.6655835357049052,0
0.9927427008201917,0.8972480992593679,-0.4646329811970102,-0.5634918425793681,-0.038177228675671075,-0.5376520618122779,0.5104992213228551,-0.6655835357049052,1
0.19038383964533775,0.8972480992593679,-0.31727079242536094,-0.5634918425793681,-0.2187446799013059,-0.05242401104789001,0.10812447077250201,-0.6655835357049052,1
-1.7286628065359395,0.8972480992593679,-0.7102366291497588,-0.5634918425793681,-0.4844972368146394,-0.5376520618122779,-0.7662557410272938,-0.6655835357049052,0
0.9131521435454745,0.8972480992593679,-1.2014439250552562,-0.5634918425793681,0.635638344693597,-0.1332953528419547,0.38909384188932566,-0.6655835357049052,0
-1.6235279825683229,-1.1145189394387667,0.22305723307068623,1.7746485830611636,-0.5269815063748625,-0.5376520618122779,-0.7259780220391227,-0.6655835357049052,0
0.8599125140171161,0.8972480992593679,-1.2014439250552562,-0.5634918425793681,0.6150357580574026,-0.1332953528419547,0.374149709538602,-0.6655835357049052,1
-1.039236492845482,-1.1145189394387667,0.026574314708487253,1.7746485830611636,-0.44555311727628044,-0.2753666289666628,-0.467653055148591,-0.6655835357049052,0
1.602040683200292,0.8972480992593679,1.1563510952911313,-0.5634918425793681,-0.3010509729782232,-0.37590937822414866,0.6744808776412851,1.5024410105651447,1
-0.460860517514681,0.8972480992593679,0.17393650348013648,-0.5634918425793681,-0.3901311468127983,-0.416345049121181,-0.15583947111249558,-0.6655835357049052,1
-0.6041772980127362,0.8972480992593679,0.9107474473383826,-0.5634918425793681,-0.4599784560244578,-0.36120549789795503,-0.26039063959672704,1.5024410105651447,0
-1.226381857248196,-1.1145189394387667,0.9598681769289323,-0.5634918425793681,-0.5141078808112476,-0.2777084631884987,-0.5368399647220203,1.5024410105651447,0
-0.678659001948874,-1.1145189394387667,-0.5628744403781096,1.7746485830611636,-0.3035440940681384,-0.5376520618122779,-0.2745715828742711,-0.6655835357049052,0
1.3172893313289213,0.8972480992593679,-0.6611158995592091,-0.5634918425793681,0.12538275862938134,0.09525409135866277,0.4455476977498288,-0.6655835357049052,1
1.7356775310568278,0.8972480992593679,1.6475583911966287,-0.5634918425793681,-0.3351596997425892,-0.46833376884593675,0.5698816548171804,1.5024410105651447,0
-0.4595160824255811,0.8972480992593679,1.0089889065194821,-0.5634918425793681,-0.4531716664906014,-0.19714114899516363,-0.2343930225346801,1.5024410105651447,0
-0.1787980358215103,-1.1145189394387667,-0.12078787406316197,-0.5634918425793681,-0.3142412802274801,0.1759186010765278,-0.10820489734860171,-0.6655835357049052,1
0.7770953125285588,-1.1145189394387667,0.026574314708487253,1.7746485830611636,-0.21759165498718633,-0.40650934538947037,0.38791782959487103,-0.6655835357049052,0
1.3509002085564201,0.8972480992593679,-0.7593573587403086,-0.5634918425793681,0.2020772736850277,-0.3065910852578075,0.5306787011727139,-0.6655835357049052,1
0.3261717836444333,-1.1145189394387667,1.3037132840627805,1.7746485830611636,-0.4094201822904415,-0.2295707597396507,0.12273826809739112,1.5024410105651447,0
-0.3783122030439435,0.8972480992593679,-0.4646329811970102,-0.5634918425793681,-0.27398550983830694,-0.3579379689365787,-0.19227154888662093,-0.6655835357049052,1
-0.304637160161266,-1.1145189394387667,1.5001962024249795,-0.5634918425793681,-0.46463078963763077,-0.4652299646832648,-0.24376752053904524,1.5024410105651447,0
0.6845981783984819,0.8972480992593679,0.22305723307068623,-0.5634918425793681,-0.265558588880271,-0.18260714661882338,0.290700842507344,-0.6655835357049052,1
-1.7356538689992593,-1.1145189394387667,-0.9067195475119578,1.7746485830611636,-0.4602180943140738,0.0014902168148196936,-0.7659854337237922,-0.6655835357049052,0
0.4189378047923303,0.8972480992593679,-1.6926512209607538,-0.5634918425793681,5.675676167407432,-0.5376520618122779,0.0669472143514225,-0.6655835357049052,1
-0.5044202144015196,-1.1145189394387667,1.2545925544722307,1.7746485830611636,-0.4685267077799356,-0.4593894729793121,-0.5640592311072955,1.5024410105651447,0
1.0293113352437104,-1.1145189394387667,0.37041942184233545,1.7746485830611636,-0.2521080054595506,-0.3170938569193743,0.43646627854700554,-0.6655835357049052,0
-1.4218627192033295,-1.1145189394387667,0.3212986922517857,1.7746485830611636,-0.508686038319854,-0.4248083290763737,-0.6712840974133928,-0.6655835357049052,0
0.30923190152177393,-1.1145189394387667,-0.5137537107875599,1.7746485830611636,-0.13857548497196587,0.20885263167139578,0.01534014396692374,-0.6655835357049052,1
-0.06559660131929379,-1.1145189394387667,0.17393650348013648,-0.5634918425793681,-0.34424356748672935,-0.17373102373898702,0.029805208604364575,-0.6655835357049052,0
0.4982594750492278,0.8972480992593679,-0.022546414882062486,-0.5634918425793681,-0.24288508444472537,-0.5376520618122779,0.15545354858361501,-0.6655835357049052,0
-1.5202753677254464,0.8972480992593679,-1.5944097617796542,-0.5634918425793681,0.28560247881401424,1.8884881920096612,-0.7066722882697576,-0.6655835357049052,0
0.28046099061503504,0.8972480992593679,0.4195401514328852,-0.5634918425793681,-0.33715752632549284,-0.10633823891059978,0.014455817826338539,-0.6655835357049052,1
0.21565921932041687,-1.1145189394387667,0.7633852585667333,-0.5634918425793681,-0.3785788106465127,-0.35102588844135946,0.09529540886989506,1.5024410105651447,1
0.2129703491422171,0.8972480992593679,-1.1523231954647066,-0.5634918425793681,0.2903329095451684,-0.16439971507044107,0.08158242406957301,-0.6655835357049052,0
0.3624715310501323,-1.1145189394387667,-0.8084780883308583,1.7746485830611636,0.01277428608623021,-0.05242401104789001,0.15517917650863236,-0.6655835357049052,0
0.6176453109613038,-1.1145189394387667,0.4195401514328852,1.7746485830611636,-0.3023620466732537,-0.32199515036143883,0.1293408099200358,-0.6655835357049052,0
1.0669555177385095,0.8972480992593679,1.1563510952911313,-0.5634918425793681,-0.3424642531863308,-0.37590937822414866,0.5396086596448058,1.5024410105651447,0
-0.8036914652351698,0.8972480992593679,0.665143799385634,-0.5634918425793681,-0.4643191883273122,-0.4406064516594003,-0.39411745056010516,1.5024410105651447,0
1.137135029389527,0.8972480992593679,1.2545925544722307,-0.5634918425793681,-0.3455757875316797,-0.5376520618122779,0.4011609883518983,1.5024410105651447,0
-0.005365909327615887,0.8972480992593679,-0.9067195475119578,-0.5634918425793681,-0.013828717196532414,0.2710613561283685,-0.04343356805487984,-0.6655835357049052,0
-1.4775223318920678,0.8972480992593679,1.0581096361100317,-0.5634918425793681,-0.5372415808675922,-0.03569200929739391,-0.5321990857882678,1.5024410105651447,0
-1.5423241031866857,0.8972480992593679,0.9598681769289323,-0.5634918425793681,-0.5403070575401743,-0.4510041956043515,-0.5145311870204433,1.5024410105651447,0
-0.578633031319837,-1.1145189394387667,0.5669023402045344,-0.5634918425793681,-0.4368147351679929,-0.33547370732711634,-0.2199194924998007,-0.6655835357049052,0
0.9967760060874917,-1.1145189394387667,-1.1523231954647066,-0.5634918425793681,0.5703167792165258,0.20885263167139578,0.34014101370098804,-0.6655835357049052,1
0.7268134401962203,0.8972480992593679,1.3037132840627805,-0.5634918425793681,-0.3798888171264883,-0.3836114107759643,0.3738475247713654,1.5024410105651447,0
1.009682582942851,0.8972480992593679,-1.3488061138269056,-0.5634918425793681,1.097947902393652,0.5406324954419173,0.4811979838835446,-0.6655835357049052,1
0.06104918407392192,0.8972480992593679,-0.7102366291497588,-0.5634918425793681,-0.10672639204739776,-0.09653565202647074,0.07965165761599127,-0.6655835357049052,1
-0.20810672076388906,-1.1145189394387667,1.6966791207871785,1.7746485830611636,-0.4660489966256785,-0.4693100828313782,-0.16888211676464773,1.5024410105651447,0
-1.2314907105867758,-1.1145189394387667,-0.5137537107875599,-0.5634918425793681,-0.4137568868959586,0.20885263167139578,-0.5573143738733162,-0.6655835357049052,1
-0.5996062187097964,0.8972480992593679,-1.1523231954647066,-0.5634918425793681,7.175889445074145e-05,0.5821049784132326,-0.32479564524806914,-0.6655835357049052,0
-0.2298865692073084,0.8972480992593679,-1.0049610066930574,-0.5634918425793681,-0.005487097523123784,-0.5376520618122779,-0.07538888860663241,-0.6655835357049052,1
-1.4371892792190692,-1.1145189394387667,1.1563510952911313,1.7746485830611636,-0.5362742424215599,-0.37590937822414866,-0.6890460267913124,1.5024410105651447,0
-0.9757791566399642,-1.1145189394387667,-0.4646329811970102,1.7746485830611636,-0.37674409009784365,-0.1782238760608795,-0.44681637210203207,-0.6655835357049052,1
0.3441872138383727,0.8972480992593679,-0.4646329811970102,-0.5634918425793681,-0.14972254622112663,0.0014902168148196936,0.07813526334744733,-0.6655835357049052,1
0.8246883146826972,-1.1145189394387667,0.5669023402045344,1.7746485830611636,-0.3010509729782232,-0.4365628845696971,0.27406751545049146,-0.6655835357049052,0
1.742937480537967,0.8972480992593679,-0.16990860365371172,-0.5634918425793681,-0.035099768535339596,-0.24357445528840646,0.7674823797883952,-0.6655835357049052,1
1.514652402408795,0.8972480992593679,-1.250564654645806,-0.5634918425793681,1.0020673614641458,-0.5376520618122779,0.7339073165438335,-0.6655835357049052,1
0.4990661361026878,-1.1145189394387667,-0.9558402771025076,1.7746485830611636,0.1585531945574832,0.31863273365428896,0.2074828775915123,-0.6655835357049052,0
-0.27452181416542687,-1.1145189394387667,1.7457998503777281,-0.5634918425793681,-0.47221892760721057,-0.33547370732711634,-0.09082686206717339,1.5024410105651447,0
0.4767485136236286,0.8972480992593679,-0.9067195475119578,-0.5634918425793681,0.11054986138493643,0.0014902168148196936,0.1156570447403749,-0.6655835357049052,1
0.9991959892478713,-1.1145189394387667,-0.6119951699686594,-0.5634918425793681,0.03353295292421375,-0.5376520618122779,0.4022810530821691,-0.6655835357049052,1
-1.3333988903405525,0.8972480992593679,-0.4646329811970102,-0.5634918425793681,-0.4382512510992764,0.0014902168148196936,-0.6122578086896046,-0.6655835357049052,1
-0.31404820578496556,-1.1145189394387667,-1.3979268434174552,1.7746485830611636,0.5420422503539166,0.6754180650986917,-0.2519602390244843,-0.6655835357049052,0
1.188492449793145,0.8972480992593679,-1.054081736283607,-0.5634918425793681,0.47337736691338833,0.7562894068927564,0.49532085093204836,-0.6655835357049052,1
-0.40520090482594256,-1.1145189394387667,-1.3979268434174552,-0.5634918425793681,0.4891310619473269,0.06888300164320693,-0.18213820758738244,-0.6655835357049052,0
0.2519589667261159,-1.1145189394387667,-1.2996853842363558,-0.5634918425793681,0.5760989503843529,0.9180320904808856,0.09491758437564501,-0.6655835357049052,1
0.30761857941485393,0.8972480992593679,0.6160230697950841,-0.5634918425793681,-0.3561929403233124,-0.3395997961941605,0.1515847753022504,-0.6655835357049052,1
-1.1021560550153602,-1.1145189394387667,1.1563510952911313,-0.5634918425793681,-0.5103441182309558,-0.21416669463601934,-0.5013068053073501,1.5024410105651447,0
-0.4807581568333602,-1.1145189394387667,0.17393650348013648,-0.5634918425793681,-0.3924411337992807,-0.5376520618122779,-0.30795267835049606,-0.6655835357049052,0
-0.577557483248557,-1.1145189394387667,-0.8575988179214081,1.7746485830611636,-0.18462609543998476,-0.026885692586606495,-0.3389835607378065,-0.6655835357049052,0
-1.655256650671082,0.8972480992593679,1.1563510952911313,-0.5634918425793681,-0.5531517149083816,-0.4567807200182133,-0.7416381414955736,1.5024410105651447,0
-1.6625166001522218,-1.1145189394387667,-0.9067195475119578,-0.5634918425793681,-0.4413497321422057,-0.2680809224987291,-0.7620602990981576,-0.6655835357049052,0
1.1602593129220464,-1.1145189394387667,-1.054081736283607,-0.5634918425793681,0.4646368756131849,-0.21416669463601934,0.34136980863680333,-0.6655835357049052,1
-0.7923982104867301,0.8972480992593679,-0.21902933324426146,-0.5634918425793681,-0.3853082685775074,-0.5376520618122779,-0.3841720077327615,-0.6655835357049052,0
0.0640069412699418,-1.1145189394387667,-0.5628744403781096,-0.5634918425793681,-0.1655941685186392,-0.3435608415065227,0.0048441113719619455,-0.6655835357049052,1
-0.7028588335526731,0.8972480992593679,1.2054718248816811,-0.5634918425793681,-0.4814472761501655,-0.37856089762723266,-0.35988732554191943,1.5024410105651447,0
1.5412722171729736,0.8972480992593679,0.46866088102343495,-0.5634918425793681,-0.2156321239931589,-0.22119898522680756,0.7029777251350877,-0.6655835357049052,1
-0.8405289866765085,0.8972480992593679,-1.5944097617796542,-0.5634918425793681,1.0747439790609685,5.527698572742571,-0.37797860721198157,-0.6655835357049052,1
-0.24494424220522798,-1.1145189394387667,0.07569504429903699,1.7746485830611636,-0.3526012515551759,-0.15457728489302436,-0.1686428209995513,-0.6655835357049052,1
1.3035760934201013,-1.1145189394387667,0.37041942184233545,1.7746485830611636,-0.223162222582253,-0.3170938569193743,0.6067033038056809,-0.6655835357049052,0
1.1960212862921047,0.8972480992593679,0.22305723307068623,-0.5634918425793681,-0.20763379984547214,-0.0642588415543385,0.5261578115216519,-0.6655835357049052,1
-1.0965094276411402,-1.1145189394387667,0.9598681769289323,-0.5634918425793681,-0.5033383468877825,-0.2777084631884987,-0.4920707563901486,1.5024410105651447,0
1.0586200201860896,0.8972480992593679,0.17393650348013648,-0.5634918425793681,-0.21372930275047475,-0.29503803643008397,0.4377553673767117,-0.6655835357049052,0
-0.14545604561183115,0.8972480992593679,-1.0049610066930574,-0.5634918425793681,0.019017494157804196,-0.2343845300845355,-0.18646202114828964,-0.6655835357049052,0
-0.058605538855973874,0.8972480992593679,-1.5452890321891044,-0.5634918425793681,1.465631236422217,0.4328040397164979,-0.02126950491273268,-0.6655835357049052,1
-1.2804281478300141,-1.1145189394387667,-0.5137537107875599,1.7746485830611636,-0.4224973781961622,0.20885263167139578,-0.5961088780718459,-0.6655835357049052,0
-1.465153529072348,-1.1145189394387667,-1.1032024658741568,-0.5634918425793681,-0.3300224313865512,1.1953052623462501,-0.6337071387839347,-0.6655835357049052,0
0.7975307258828779,-1.1145189394387667,-0.12078787406316197,1.7746485830611636,-0.18089370076933176,-0.3949379292345167,0.3943279742207629,-0.6655835357049052,1
-0.01155031073747541,-1.1145189394387667,-0.9558402771025076,-0.5634918425793681,0.019072581287847556,0.31863273365428896,-0.021530158383966325,-0.6655835357049052,0
-0.2199377495479686,0.8972480992593679,0.3212986922517857,-0.5634918425793681,-0.3788853867852689,-0.3119645963404696,-0.1725753971665707,-0.6655835357049052,1
0.8031773532570979,0.8972480992593679,1.5001962024249795,-0.5634918425793681,-0.38784864857827284,-0.4652299646832648,0.23347582097285816,1.5024410105651447,0
0.9290164775968537,0.8972480992593679,0.9598681769289323,-0.5634918425793681,-0.3353737525907574,-0.3643563293964251,0.32232442744000367,1.5024410105651447,1
-1.1914265449315973,0.8972480992593679,0.3212986922517857,-0.5634918425793681,-0.48380032056478933,-0.4248083290763737,-0.5492431081202743,-0.6655835357049052,0
0.3861335886182914,0.8972480992593679,-0.07166714447261223,-0.5634918425793681,-0.24750505841769013,-0.26037888994691344,-0.20352420429859247,-0.6655835357049052,0
-1.2737059723845143,-1.1145189394387667,-0.2681500628348112,1.7746485830611636,-0.450421404372371,-0.3811268841463463,-0.5811840533856582,-0.6655835357049052,0
0.8795412663179756,0.8972480992593679,-1.1032024658741568,-0.5634918425793681,0.44770291695809644,-0.5376520618122779,0.2539671938652187,-0.6655835357049052,0
0.5493480084350263,-1.1145189394387667,-1.1032024658741568,1.7746485830611636,0.33817920964534115,0.1555308678511333,0.31960731246714486,-0.6655835357049052,1
1.5969318298617123,0.8972480992593679,-0.8575988179214081,-0.5634918425793681,0.34683520640021515,-0.2822688771994422,0.5231487120037446,-0.6655835357049052,1
-1.506024355780987,0.8972480992593679,-0.16990860365371172,-0.5634918425793681,-0.4922917874979379,-0.24357445528840646,-0.6535931050027252,-0.6655835357049052,1
-1.5474329565252654,-1.1145189394387667,0.17393650348013648,1.7746485830611636,-0.5162751658989511,-0.17373102373898702,-0.6741433291417961,-0.6655835357049052,0
-0.7606695423839711,0.8972480992593679,0.5177816106139846,-0.5634918425793681,-0.4512886832424372,-0.5376520618122779,-0.3581219334324053,-0.6655835357049052,0
-0.8321934891240887,-1.1145189394387667,-0.31727079242536094,-0.5634918425793681,-0.37703081520927884,-0.5376520618122779,-0.3641157040752638,-0.6655835357049052,0
-0.8835509095277072,-1.1145189394387667,1.3037132840627805,1.7746485830611636,-0.4985890493190493,-0.3836114107759643,-0.4221134370293098,1.5024410105651447,1
1.4208108331896179,0.8972480992593679,1.3037132840627805,-0.5634918425793681,-0.3287341503559089,-0.4606317362941211,0.6199268234198149,1.5024410105651447,1
-0.8746776379396475,-1.1145189394387667,1.0581096361100317,-0.5634918425793681,-0.48897512398321663,-0.3703320443073166,-0.42994061344222095,1.5024410105651447,0
-0.7964315157540299,0.8972480992593679,-0.9558402771025076,-0.5634918425793681,-0.19532652884067633,0.31863273365428896,-0.4023593606045865,-0.6655835357049052,1
0.9075055161712544,0.8972480992593679,1.0089889065194821,-0.5634918425793681,-0.3418015968910146,-0.36739660540372077,0.378775650437161,1.5024410105651447,1
-0.1747647305542103,-1.1145189394387667,-1.250564654645806,1.7746485830611636,0.28886597394233704,0.7856971675451434,-0.10935879359095149,-0.6655835357049052,0
0.9680050951807524,0.8972480992593679,-0.2681500628348112,-0.5634918425793681,-0.1146173676451936,-0.06807652881448321,0.40561523490840246,-0.6655835357049052,1
-1.5183931586007064,-1.1145189394387667,-0.5137537107875599,-0.5634918425793681,-0.46499921776033903,0.022226458300477356,-0.7019921103862751,-0.6655835357049052,0
-0.04274120480459468,-1.1145189394387667,-1.4961683025985548,-0.5634918425793681,1.1333260814659047,1.079774774069015,-0.07783710046977399,-0.6655835357049052,0
-1.6294434969603626,-1.1145189394387667,1.4510754728344297,-0.5634918425793681,-0.5557644028922736,-0.5376520618122779,-0.7592449795138415,1.5024410105651447,0
-1.528073091242226,0.8972480992593679,0.665143799385634,-0.5634918425793681,-0.5315959985065937,-0.3435608415065227,-0.7212665184550158,1.5024410105651447,0
1.4216174942430777,0.8972480992593679,-1.5944097617796542,-0.5634918425793681,3.7009494543685744,1.8884881920096612,0.5000181298898339,-0.6655835357049052,1
-1.2602616214935147,-1.1145189394387667,0.46866088102343495,1.7746485830611636,-0.49844944963546134,-0.326683344088631,-0.6142761032224154,-0.6655835357049052,0
0.11401992658446015,0.8972480992593679,-1.054081736283607,-0.5634918425793681,0.14073924085992534,0.4328040397164979,-0.06649908820678326,-0.6655835357049052,1
-0.3100149005176659,0.8972480992593679,-0.2681500628348112,-0.5634918425793681,-0.3060623222528791,-0.3811268841463463,-0.11404669454024831,-0.6655835357049052,0
-0.5329222382904384,0.8972480992593679,1.598437661606079,-0.5634918425793681,-0.48397244541152157,-0.3970062499965133,-0.33293609733986207,1.5024410105651447,0
1.398493210710558,0.8972480992593679,-0.8575988179214081,-0.5634918425793681,0.29833533738104007,-0.5376520618122779,0.6192365225103352,-0.6655835357049052,0
-1.6705832106868215,0.8972480992593679,1.3037132840627805,-0.5634918425793681,-0.5566013351142782,-0.5376520618122779,-0.7655108388729441,1.5024410105651447,0
0.5732789530210055,-1.1145189394387667,0.07569504429903699,-0.5634918425793681,-0.25261134544044067,-0.2822688771994422,0.3047602402678717,-0.6655835357049052,0
1.6205938874298715,-1.1145189394387667,-0.5137537107875599,-0.5634918425793681,0.09564086706700678,0.022226458300477356,0.6594299313633667,-0.6655835357049052,1
0.21108814001747697,0.8972480992593679,0.6160230697950841,-0.5634918425793681,-0.36534115133431266,-0.4386259290032192,0.015402990414987694,-0.6655835357049052,1
1.527827866281974,0.8972480992593679,1.4510754728344297,-0.5634918425793681,-0.3336197084182676,-0.46413266018131005,0.6303080324234952,1.5024410105651447,0
-1.564372838647925,0.8972480992593679,0.8616267177478328,-0.5634918425793681,-0.539923050694502,-0.1782238760608795,-0.715041614402699,1.5024410105651447,0
-0.2831261987356668,-1.1145189394387667,-1.0049610066930574,-0.5634918425793681,-0.02093903750026948,-0.2343845300845355,-0.14461845056626343,-0.6655835357049052,1
-0.8375712294804887,0.8972480992593679,0.665143799385634,-0.5634918425793681,-0.4674657651953855,-0.3435608415065227,-0.442649826591691,1.5024410105651447,1
0.8077484325600378,-1.1145189394387667,1.598437661606079,1.7746485830611636,-0.3937445165858173,-0.5376520618122779,0.4467108038514116,1.5024410105651447,0
1.683244562581929,0.8972480992593679,-1.1523231954647066,-0.5634918425793681,0.8155307823969631,0.9553573251550694,0.6660157757365345,-0.6655835357049052,1
-0.8502089193180282,-1.1145189394387667,1.1563510952911313,1.7746485830611636,-0.490844498354073,-0.29503803643008397,-0.4187871560754671,1.5024410105651447,0
0.5396680757935066,0.8972480992593679,0.07569504429903699,-0.5634918425793681,-0.2567187191717394,-0.2822688771994422,0.24994004053419897,-0.6655835357049052,1
-1.0545630528612215,-1.1145189394387667,1.2545925544722307,1.7746485830611636,-0.509731881052324,-0.3811268841463463,-0.5024965844752924,1.5024410105651447,0
0.22910357021141645,0.8972480992593679,0.37041942184233545,-0.5634918425793681,-0.33656158373684264,-0.20681475447292255,0.1371687412527404,-0.6655835357049052,1
-0.1252895192753318,-1.1145189394387667,1.6966791207871785,1.7746485830611636,-0.46063235412977765,-0.3326261248695788,-0.09621689381275701,1.5024410105651447,0
1.6507092334257105,0.8972480992593679,0.17393650348013648,-0.5634918425793681,-0.14499158188244493,-0.416345049121181,0.7519088918340521,-0.6655835357049052,0
0.38021807422625165,-1.1145189394387667,1.0089889065194821,1.7746485830611636,-0.3847592496220905,-0.2822688771994422,0.03994268726028943,1.5024410105651447,0
-0.5251245147736588,-1.1145189394387667,1.3528340136533303,-0.5634918425793681,-0.4741959434965423,-0.3102014130164711,-0.2074919293607032,1.5024410105651447,1
-1.348187676320652,0.8972480992593679,0.5177816106139846,-0.5634918425793681,-0.5093372348866466,-0.5376520618122779,-0.5955533210114196,-0.6655835357049052,0
-1.2183152467135963,-1.1145189394387667,-1.2014439250552562,-0.5634918425793681,-0.18919349502918897,1.079774774069015,-0.5851077218677825,-0.6655835357049052,0
-0.9593770485529447,-1.1145189394387667,1.3037132840627805,1.7746485830611636,-0.5041782070212203,-0.2295707597396507,-0.4875701567730645,1.5024410105651447,0
-0.8695687846010676,0.8972480992593679,-0.5137537107875599,-0.5634918425793681,-0.34911567101643076,-0.16439971507044107,-0.43076885127923525,-0.6655835357049052,0
1.2264055193057644,0.8972480992593679,1.7457998503777281,-0.5634918425793681,-0.3754145180085269,-0.4028664921555035,0.6386830571967119,1.5024410105651447,1
0.21485255826695687,0.8972480992593679,0.8125059881572831,-0.5634918425793681,-0.38286252126456294,-0.3545471369955278,0.006464469988006411,1.5024410105651447,0
0.08256014549952152,-1.1145189394387667,-1.5452890321891044,1.7746485830611636,1.5967386059252713,-0.5376520618122779,5.905541527737765,-0.6655835357049052,1
-1.345767693160272,-1.1145189394387667,1.1563510952911313,1.7746485830611636,-0.5291986066071093,-0.37590937822414866,-0.6515570872337818,1.5024410105651447,0
1.2597475095154427,0.8972480992593679,-0.7593573587403086,-0.5634918425793681,0.1819206304825173,-0.07553010870333711,0.4776270313276451,-0.6655835357049052,1
0.7797841827067585,0.8972480992593679,1.3528340136533303,-0.5634918425793681,-0.37951379108607775,-0.3102014130164711,0.3210636620207037,1.5024410105651447,0
-1.5103265480661068,-1.1145189394387667,0.9107474473383826,-0.5634918425793681,-0.5364861331197466,-0.5376520618122779,-0.6541940560614026,1.5024410105651447,0
0.7273512142318602,-1.1145189394387667,1.0581096361100317,-0.5634918425793681,-0.3607094905679134,-0.4539920530597972,0.2839836552056893,1.5024410105651447,0
0.15300854416835896,0.8972480992593679,0.27217796266123595,-0.5634918425793681,-0.3323413372417072,-0.1910605969805723,0.09922303659425014,-0.6655835357049052,0
-1.4613891108228683,-1.1145189394387667,-1.5944097617796542,-0.5634918425793681,0.3539656071977496,3.101558318920631,-0.6599863554221481,-0.6655835357049052,1
-0.14491827157619128,0.8972480992593679,-1.447047573008005,-0.5634918425793681,0.8176575895422247,2.235079656841367,-0.18082804463673777,-0.6655835357049052,1
-0.0526900244639341,0.8972480992593679,-1.4961683025985548,-0.5634918425793681,1.125626124844297,-0.5376520618122779,-0.09201664930487923,-0.6655835357049052,0
-1.167495600345618,-1.1145189394387667,-1.4961683025985548,-0.5634918425793681,0.2628147693527691,1.8884881920096612,-0.5294510970283857,-0.6655835357049052,0
1.5587498733312732,0.8972480992593679,0.9107474473383826,-0.5634918425793681,-0.27735894428721675,-0.4494287798551164,-0.5052064626707582,1.5024410105651447,1
1.2242544231632042,0.8972480992593679,0.5669023402045344,-0.5634918425793681,-0.26239510966839413,-0.33547370732711634,0.6023109582033471,-0.6655835357049052,1
0.5915632702327647,0.8972480992593679,0.665143799385634,-0.5634918425793681,-0.33473516159372213,-0.05242401104789001,0.15381279113204055,1.5024410105651447,1
-0.13093614664955183,-1.1145189394387667,-1.2996853842363558,-0.5634918425793681,0.398292384505925,-0.5376520618122779,-0.1420775619133498,-0.6655835357049052,0
-0.3075949173572859,-1.1145189394387667,-0.7593573587403086,-0.5634918425793681,-0.16466660617657677,-0.3065910852578075,-0.21715927699378748,-0.6655835357049052,0
0.5286437080628866,0.8972480992593679,1.2545925544722307,-0.5634918425793681,-0.39115120645417,-0.30286429531338055,0.2964514088259741,1.5024410105651447,1
0.15973071961385873,0.8972480992593679,-0.022546414882062486,-0.5634918425793681,-0.2865528564564569,-0.1332953528419547,0.10937332475487231,-0.6655835357049052,1
-1.529148639313506,0.8972480992593679,0.7142645289761836,-0.5634918425793681,-0.533071843928376,-0.44250930676043715,-0.6746431897245787,1.5024410105651447,0
0.044647075986902464,-1.1145189394387667,1.3037132840627805,1.7746485830611636,-0.43017141673786374,-0.5376520618122779,-0.03602305192965119,1.5024410105651447,1
1.071795484059269,0.8972480992593679,-0.9067195475119578,-0.5634918425793681,0.26406341096708386,0.2710613561283685,0.42930664788982986,-0.6655835357049052,1
-0.14169162736235125,-1.1145189394387667,-1.5944097617796542,1.7746485830611636,1.8860488679620109,3.101558318920631,-0.10137700507184416,-0.6655835357049052,0
-1.5654483867192048,0.8972480992593679,-0.16990860365371172,-0.5634918425793681,-0.5006539025513794,-0.5376520618122779,-0.7234627160417187,-0.6655835357049052,0
1.0016159724082514,0.8972480992593679,-1.1032024658741568,-0.5634918425793681,0.4881945807365908,0.1555308678511333,0.3992291506029322,-0.6655835357049052,1
-1.0430009110949618,0.8972480992593679,1.598437661606079,-0.5634918425793681,-0.5183010416775387,-0.5376520618122779,-0.5333241009597736,1.5024410105651447,0
-0.8429489698368885,0.8972480992593679,-1.054081736283607,-0.5634918425793681,-0.15552179282983314,0.7562894068927564,-0.44264273398022885,-0.6655835357049052,1
-1.1712600185950979,-1.1145189394387667,-1.2014439250552562,-0.5634918425793681,-0.17098413815376476,-0.5376520618122779,-0.5012562900309527,-0.6655835357049052,0
-0.5926151562464766,0.8972480992593679,1.0089889065194821,-0.5634918425793681,-0.46401513314122994,-0.36739660540372077,-0.2523512192313346,1.5024410105651447,0
0.8983633575653747,0.8972480992593679,1.5493169320155293,-0.5634918425793681,-0.3844957334093687,-0.4662949955233973,0.33216363424557305,1.5024410105651447,0
0.0685780205728817,0.8972480992593679,-0.31727079242536094,-0.5634918425793681,-0.23759916827745942,-0.5376520618122779,-0.0007028474928715195,-0.6655835357049052,1
-1.0309009952930623,0.8972480992593679,-1.2996853842363558,-0.5634918425793681,-0.019627963805238888,-0.05242401104789001,-0.4919195715260257,-0.6655835357049052,1
1.321591523614041,0.8972480992593679,1.5493169320155293,-0.5634918425793681,-0.35559335251331725,-0.3949379292345167,0.6104810249625205,1.5024410105651447,1
1.3277759250239005,0.8972480992593679,-0.5137537107875599,-0.5634918425793681,0.043341993298205955,0.3954788050423142,0.6267845321662044,-0.6655835357049052,1
1.2963161439389619,0.8972480992593679,0.3212986922517857,-0.5634918425793681,-0.2151391062475674,-0.4248083290763737,0.6060116917158965,-0.6655835357049052,1
-0.9123218204344462,-1.1145189394387667,-1.2996853842363558,1.7746485830611636,0.035437131386043826,0.9180320904808856,-0.40046560050803154,-0.6655835357049052,0
-0.16965587721563052,0.8972480992593679,0.22305723307068623,-0.5634918425793681,-0.3623130866529081,-0.4193037567477931,-0.16067566977747713,-0.6655835357049052,1
1.696151139437289,0.8972480992593679,-0.5137537107875599,-0.5634918425793681,0.10913580143710135,0.3954788050423142,0.641455267987101,-0.6655835357049052,1
0.951602987093733,-1.1145189394387667,-1.4961683025985548,-0.5634918425793681,1.9029055297552604,1.079774774069015,0.3678455815434339,-0.6655835357049052,1
-1.652030006457242,0.8972480992593679,-1.2014439250552562,-0.5634918425793681,-0.3570317386866701,-0.5376520618122779,-0.7547062471504131,-0.6655835357049052,1
-1.5189309326363463,0.8972480992593679,1.1563510952911313,-0.5634918425793681,-0.5426006932674214,-0.4567807200182133,-0.6713137367821961,1.5024410105651447,0
-0.1252895192753318,0.8972480992593679,0.12481577388958674,-0.5634918425793681,-0.34474542536632896,-0.28881716398438667,-0.11946117339181404,-0.6655835357049052,1
1.431297426884597,0.8972480992593679,-1.4961683025985548,-0.5634918425793681,2.2741683030781945,-0.5376520618122779,0.46707925419172724,-0.6655835357049052,1
0.13606866204569965,-1.1145189394387667,0.6160230697950841,1.7746485830611636,-0.37245076379132963,-0.4386259290032192,0.003835285899965518,-0.6655835357049052,0
-0.006710344416715767,0.8972480992593679,-0.8575988179214081,-0.5634918425793681,-0.0451068245352309,0.2284974920262292,0.05758299705155042,-0.6655835357049052,1
-1.378303022316491,-1.1145189394387667,1.6966791207871785,1.7746485830611636,-0.5425854516326928,-0.5376520618122779,-0.6489594723819629,1.5024410105651447,0
0.548810234399386,0.8972480992593679,0.07569504429903699,-0.5634918425793681,-0.25560151351682614,-0.5376520618122779,0.23010219796680215,-0.6655835357049052,0
1.1266484356945474,0.8972480992593679,1.2054718248816811,-0.5634918425793681,-0.34217256231741294,-0.37856089762723266,0.4319701969997948,1.5024410105651447,1
-0.4173008206278423,-1.1145189394387667,0.6160230697950841,1.7746485830611636,-0.4248937115925513,-0.3395997961941605,-0.2825432348694971,-0.6655835357049052,0
0.9642406769312726,0.8972480992593679,-0.3663915220159107,-0.5634918425793681,-0.08161656146486027,-0.20301202680235525,0.37830812913161505,-0.6655835357049052,0
1.624358305679351,-1.1145189394387667,1.6475583911966287,1.7746485830611636,-0.34254452300439386,-0.26037888994691344,0.7341982746537514,1.5024410105651447,1
-1.0346654135425422,0.8972480992593679,0.22305723307068623,-0.5634918425793681,-0.46028577136634025,-0.18260714661882338,-0.4780734016985724,-0.6655835357049052,1
0.0822912584817014,-1.1145189394387667,0.46866088102343495,1.7746485830611636,-0.3629175457164657,-0.4321677029504544,0.07762049130682305,-0.6655835357049052,0
-0.7431918862256718,0.8972480992593679,1.3037132840627805,-0.5634918425793681,-0.4882431616575838,-0.3065910852578075,-0.3819559861063601,1.5024410105651447,0
1.0244713689229505,-1.1145189394387667,1.1072303657005815,-0.5634918425793681,-0.3414113731810399,-0.45541001930983926,0.28967111149512603,1.5024410105651447,0
0.27212549306261524,0.8972480992593679,1.5493169320155293,-0.5634918425793681,-0.42726170869965063,-0.32358086294563615,0.17969475366948168,1.5024410105651447,0
0.47137077326722865,-1.1145189394387667,1.0089889065194821,-0.5634918425793681,-0.3773331179159024,-0.2822688771994422,0.14042873777750964,1.5024410105651447,0
1.0422179120990702,0.8972480992593679,0.22305723307068623,-0.5634918425793681,-0.2250538730988396,-0.3009554516833082,0.4371996779393213,-0.6655835357049052,1
-0.362716756010384,-1.1145189394387667,0.22305723307068623,1.7746485830611636,-0.38417954224017714,-0.18260714661882338,-0.14163927792838668,-0.6655835357049052,0
1.451732840238917,0.8972480992593679,-0.12078787406316197,-0.5634918425793681,-0.09154237583909905,-0.25222379665675565,0.5351651003139462,-0.6655835357049052,1
0.11617102272702043,-1.1145189394387667,-1.447047573008005,-0.5634918425793681,0.9908620191850351,1.5418967271779558,0.061039069003461933,-0.6655835357049052,0
-1.1949220761632569,0.8972480992593679,-0.8084780883308583,-0.5634918425793681,-0.3488323254193363,-0.29503803643008397,-0.5827780535220205,-0.6655835357049052,0
0.6856737264697617,0.8972480992593679,0.22305723307068623,-0.5634918425793681,-0.2654367701861915,-0.18260714661882338,0.20826483800521306,-0.6655835357049052,1
1.0258158040120506,0.8972480992593679,1.1563510952911313,-0.5634918425793681,-0.34564828930283353,-0.37590937822414866,0.30687996180397437,1.5024410105651447,1
-0.6396703843649751,0.8972480992593679,1.1563510952911313,-0.5634918425793681,-0.4745497252872648,-0.21416669463601934,-0.26520482939812506,1.5024410105651447,1
1.2492609158204635,0.8972480992593679,0.6160230697950841,-0.5634918425793681,-0.2669532886226913,-0.24057366338510167,0.4200409564663393,-0.6655835357049052,1
1.420541946171798,-1.1145189394387667,0.27217796266123595,-0.5634918425793681,-0.19219618081599352,-0.4221215735350427,0.6477029268429576,-0.6655835357049052,1
-0.7789538595957306,-1.1145189394387667,-1.1032024658741568,-0.5634918425793681,-0.10241290283431025,-0.1910605969805723,-0.311815696462624,-0.6655835357049052,0
1.6910422860987093,0.8972480992593679,0.46866088102343495,-0.5634918425793681,-0.2005127027067818,-0.326683344088631,0.704347282139495,-0.6655835357049052,1
-1.255152768154935,-1.1145189394387667,0.8616267177478328,-0.5634918425793681,-0.5133316089081682,-0.1782238760608795,-0.5709401351740673,1.5024410105651447,0
-1.0408498149524021,0.8972480992593679,0.3212986922517857,-0.5634918425793681,-0.4675389414016198,-0.3119645963404696,-0.48633873706257724,-0.6655835357049052,0
-1.10296271606882,0.8972480992593679,1.3528340136533303,-0.5634918425793681,-0.5161229877022065,-0.3102014130164711,-0.5266531406133664,1.5024410105651447,1
1.3780577973562391,-1.1145189394387667,-0.41551225160646044,1.7746485830611636,0.0055945968039200905,-0.3643563293964251,0.5523032854528308,-0.6655835357049052,0
0.5402058498291465,-1.1145189394387667,0.12481577388958674,1.7746485830611636,-0.26550470753481276,-0.28881716398438667,0.22403742159345363,-0.6655835357049052,0
-1.2153574895175763,-1.1145189394387667,1.2054718248816811,-0.5634918425793681,-0.5204622092138379,-0.21946973344218748,-0.5125665443918123,1.5024410105651447,0
-0.20783783374606932,0.8972480992593679,-1.3979268434174552,-0.5634918425793681,0.6036939300607098,1.8884881920096612,-0.044926910444692214,-0.6655835357049052,1
0.40388013179441073,-1.1145189394387667,-1.4961683025985548,1.7746485830611636,1.4789917016953853,0.2710613561283685,0.2241733881995006,-0.6655835357049052,1
-1.4552047094130085,0.8972480992593679,0.46866088102343495,-0.5634918425793681,-0.5181291272523794,-0.22119898522680756,-0.632868096992773,-0.6655835357049052,0
1.3374558576654207,0.8972480992593679,1.1072303657005815,-0.5634918425793681,-0.3167771555698123,-0.5376520618122779,0.5324603325622949,1.5024410105651447,1
1.0621155514177494,0.8972480992593679,-0.21902933324426146,-0.5634918425793681,-0.1161869806422204,-0.2343845300845355,0.46927285401415186,-0.6655835357049052,1
0.019102809294003605,-1.1145189394387667,-0.6119951699686594,-0.5634918425793681,-0.15610449224984665,0.4732397106135302,0.05292984989841825,-0.6655835357049052,0
1.6337693513030505,-1.1145189394387667,0.3212986922517857,-0.5634918425793681,-0.17869619401582149,-0.4248083290763737,0.634013321768415,-0.6655835357049052,0
-0.28662172996732654,-1.1145189394387667,-1.250564654645806,1.7746485830611636,0.24164461834643186,0.3445807577593364,-0.07770966988383764,-0.6655835357049052,0
1.692924495223449,0.8972480992593679,-0.16990860365371172,-0.5634918425793681,-0.04213756672511385,-0.24357445528840646,0.6667796352147327,-0.6655835357049052,1
0.5877988519832849,0.8972480992593679,0.8616267177478328,-0.5634918425793681,-0.3548466158616192,-0.5376520618122779,0.24453692697853835,1.5024410105651447,0
0.4716396602850488,0.8972480992593679,-0.2681500628348112,-0.5634918425793681,-0.1889719618395524,-0.06807652881448321,0.21930013367066006,-0.6655835357049052,0
-1.1669578263099778,0.8972480992593679,0.17393650348013648,-0.5634918425793681,-0.472104468792565,-0.416345049121181,-0.49309684399438924,-0.6655835357049052,0
1.3358425355585006,0.8972480992593679,-0.21902933324426146,-0.5634918425793681,-0.07646456928683075,0.06888300164320693,0.4621277724801222,-0.6655835357049052,1
-0.2527419657220079,-1.1145189394387667,-1.643530491370204,1.7746485830611636,2.5434586778987534,7.549482117594187,-0.09952346927640546,-0.6655835357049052,1
-1.1798644031653374,0.8972480992593679,-1.1523231954647066,-0.5634918425793681,-0.20720274908180622,0.5821049784132326,-0.5400761048224467,-0.6655835357049052,1
-1.7028496528252204,0.8972480992593679,0.17393650348013648,-0.5634918425793681,-0.5343180372258,-0.29503803643008397,-0.7789809771613625,-0.6655835357049052,0
0.2097437049283771,0.8972480992593679,1.5001962024249795,-0.5634918425793681,-0.4289792760826425,-0.5376520618122779,0.11609048632177252,1.5024410105651447,0
0.09654227042616095,0.8972480992593679,-1.1032024658741568,-0.5634918425793681,0.1879854611806178,0.5021223326828389,0.01857705907430399,-0.6655835357049052,0
0.7676842669048589,0.8972480992593679,0.5177816106139846,-0.5634918425793681,-0.30028274843891956,-0.4344120510113443,0.3393565348962609,-0.6655835357049052,0
1.3648823334830593,-1.1145189394387667,-0.41551225160646044,-0.5634918425793681,0.0034094739788690684,-0.3643563293964251,0.49861939685901685,-0.6655835357049052,1
-1.469455721357468,-1.1145189394387667,-0.9067195475119578,1.7746485830611636,-0.3915428055267598,-0.2680809224987291,-0.668136461346209,-0.6655835357049052,0
0.8098995287025977,-1.1145189394387667,1.2054718248816811,-0.5634918425793681,-0.36628567414795127,-0.45810647971975527,0.34649902763263296,1.5024410105651447,0
-1.0919383483382004,0.8972480992593679,1.40195474324388,-0.5634918425793681,-0.5166545608509929,-0.38835112311554315,-0.5139461976957999,1.5024410105651447,0
1.2527564470521233,0.8972480992593679,-0.022546414882062486,-0.5634918425793681,-0.1455604075067439,-0.2680809224987291,0.4140648205568348,-0.6655835357049052,0
1.1161618419995678,0.8972480992593679,1.6966791207871785,-0.5634918425793681,-0.3794354761960954,-0.4693100828313782,0.5824353783749875,1.5024410105651447,1
0.1433286115268393,-1.1145189394387667,-0.2681500628348112,-0.5634918425793681,-0.2381523299388548,-0.5376520618122779,0.03042097458256094,-0.6655835357049052,0
0.73568671178428,-1.1145189394387667,1.7457998503777281,1.7746485830611636,-0.4070641144824785,-0.20068813767034185,0.34411118621353276,1.5024410105651447,0
-0.6480058819173949,0.8972480992593679,1.3528340136533303,-0.5634918425793681,-0.48311202502375894,-0.5376520618122779,-0.3254562431989732,1.5024410105651447,1
-0.1000141396002527,0.8972480992593679,-0.3663915220159107,-0.5634918425793681,-0.2520346135151355,-0.5376520618122779,-0.10409111105802214,-0.6655835357049052,0
1.1250351135876273,0.8972480992593679,1.2054718248816811,-0.5634918425793681,-0.34229537952537836,-0.45810647971975527,0.4237007242791037,1.5024410105651447,0
-0.14169162736235125,-1.1145189394387667,0.07569504429903699,1.7746485830611636,-0.33998339945262634,-0.40996046950586007,-0.111540142220482,-0.6655835357049052,0
-0.4963536038669196,-1.1145189394387667,-0.6611158995592091,-0.5634918425793681,-0.24079496695989405,0.09525409135866277,-0.24076605632484066,-0.6655835357049052,1
-0.019348034254255325,-1.1145189394387667,1.598437661606079,1.7746485830611636,-0.44940859782686554,-0.4673291559043956,-0.03357814105431704,1.5024410105651447,0
1.1481593971201467,0.8972480992593679,-0.7593573587403086,-0.5634918425793681,0.15724509381867727,-0.5376520618122779,0.4600995334620289,-0.6655835357049052,1
-0.5751375000881772,0.8972480992593679,1.598437661606079,-0.5634918425793681,-0.4868135574904698,-0.4673291559043956,-0.33531775454760393,1.5024410105651447,1
-1.1395313504923388,0.8972480992593679,1.40195474324388,-0.5634918425793681,-0.5200547080161271,-0.23905018441880843,-0.5250656023748812,1.5024410105651447,0
0.7418711131941399,0.8972480992593679,-0.9067195475119578,-0.5634918425793681,0.17894767425795835,0.0014902168148196936,0.1995976841823327,-0.6655835357049052,1
1.1403616736033668,0.8972480992593679,-1.1523231954647066,-0.5634918425793681,0.6216071347583798,-0.5376520618122779,0.3472462342501692,-0.6655835357049052,1
-1.3952429044391506,-1.1145189394387667,-0.6611158995592091,1.7746485830611636,-0.42228231116225845,0.09525409135866277,-0.6016894952195896,-0.6655835357049052,0
-0.9085574021849664,-1.1145189394387667,-0.9067195475119578,1.7746485830611636,-0.24683911622338892,-0.2680809224987291,-0.4127233174166734,-0.6655835357049052,0
-1.2505816888519952,0.8972480992593679,-1.250564654645806,-0.5634918425793681,-0.16529903504616475,-0.09653565202647074,-0.5583083324436202,-0.6655835357049052,1
-0.5307711421478786,-1.1145189394387667,1.4510754728344297,-0.5634918425793681,-0.47846213567878454,-0.5376520618122779,-0.27724547163173724,1.5024410105651447,0
-0.1726136344116504,0.8972480992593679,-0.6611158995592091,-0.5634918425793681,-0.17543129288880624,0.09525409135866277,-0.033665025544728146,-0.6655835357049052,1
0.8706679947299155,0.8972480992593679,0.7142645289761836,-0.5634918425793681,-0.3145595614232858,-0.44250930676043715,0.3788880210447594,1.5024410105651447,1
0.5291814820985269,0.8972480992593679,-1.054081736283607,-0.5634918425793681,0.26926608436006233,-0.5376520618122779,0.25952461866946824,-0.6655835357049052,0
0.4235088840952702,0.8972480992593679,1.40195474324388,-0.5634918425793681,-0.40838772795440487,-0.38835112311554315,0.11806244611645209,1.5024410105651447,1
-0.515175695114319,0.8972480992593679,0.5669023402045344,-0.5634918425793681,-0.4306755805642785,-0.2343845300845355,-0.18554281199583542,-0.6655835357049052,1
1.1944079641851848,0.8972480992593679,-0.31727079242536094,-0.5634918425793681,-0.063330420306257,-0.37590937822414866,0.5769332075851783,-0.6655835357049052,1
-0.09947636556461281,0.8972480992593679,0.026574314708487253,-0.5634918425793681,-0.32760710532951753,0.11806152030175979,-0.009939123774296447,-0.6655835357049052,1
1.6754468390651494,-1.1145189394387667,0.8125059881572831,-0.5634918425793681,-0.2548885354351667,-0.2629946745871527,0.5762551859119958,1.5024410105651447,0
0.46975745116030865,0.8972480992593679,-1.3979268434174552,-0.5634918425793681,0.9970160385698722,1.2819531285541765,0.11429512426883147,-0.6655835357049052,1
-1.3057035275050934,0.8972480992593679,-0.31727079242536094,-0.5634918425793681,-0.4503260779695577,0.10931867254023923,-0.6143550205271159,-0.6655835357049052,1
0.6165697628900241,0.8972480992593679,-1.2014439250552562,-0.5634918425793681,0.5208673696444948,-0.1332953528419547,0.17464185664775764,-0.6655835357049052,1
-0.6106305864404161,-1.1145189394387667,-0.12078787406316197,1.7746485830611636,-0.37322123412717334,-0.25222379665675565,-0.24554207043411005,-0.6655835357049052,0
0.6520628492422628,0.8972480992593679,-1.447047573008005,-0.5634918425793681,1.3463681245178063,0.8487137975145445,0.12875104853057795,-0.6655835357049052,1
-1.503604372620607,-1.1145189394387667,-0.16990860365371172,-0.5634918425793681,-0.491951248875852,-0.24357445528840646,-0.7100644035828941,-0.6655835357049052,0
-1.135766932242859,0.8972480992593679,0.7633852585667333,-0.5634918425793681,-0.4992648251377856,-0.35102588844135946,-0.5454396604559998,1.5024410105651447,1
1.2444209494997034,0.8972480992593679,1.1072303657005815,-0.5634918425793681,-0.3240996979181669,-0.290925934304962,0.41114561581299663,1.5024410105651447,1
-0.9529237601252648,-1.1145189394387667,-0.4646329811970102,1.7746485830611636,-0.3728131813120378,0.0014902168148196936,-0.4750516036782203,-0.6655835357049052,0
1.1790814041694455,0.8972480992593679,0.5177816106139846,-0.5634918425793681,-0.2596354788665442,-0.3311720402104107,0.563188610932655,-0.6655835357049052,1
-0.7706183620433108,0.8972480992593679,-0.31727079242536094,-0.5634918425793681,-0.3674995175533426,-0.05242401104789001,-0.3575004987363709,-0.6655835357049052,0
0.5001416841739675,0.8972480992593679,-1.5452890321891044,-0.5634918425793681,1.9845666913314484,0.4328040397164979,0.06315325827013413,-0.6655835357049052,1
0.6794893250599018,-1.1145189394387667,-1.1032024658741568,1.7746485830611636,0.3813465340259384,0.5021223326828389,0.24096570960779126,-0.6655835357049052,0
0.04518485002254272,0.8972480992593679,0.17393650348013648,-0.5634918425793681,-0.33138255885928686,0.06888300164320693,-0.032754594901616065,-0.6655835357049052,1
-0.6797345500201538,0.8972480992593679,-1.0049610066930574,-0.5634918425793681,-0.13604818631991522,-0.5376520618122779,-0.379971158192078,-0.6655835357049052,0
-1.0037434064932431,-1.1145189394387667,-0.31727079242536094,-0.5634918425793681,-0.4035852602070403,-0.37590937822414866,-0.4467338664055673,-0.6655835357049052,0
-1.6310568190672827,0.8972480992593679,-0.31727079242536094,-0.5634918425793681,-0.500687956413588,-0.21416669463601934,-0.725059842723214,-0.6655835357049052,1
-0.6845745163409137,-1.1145189394387667,-0.16990860365371172,-0.5634918425793681,-0.37669784411212826,-0.5376520618122779,-0.2982101979112804,-0.6655835357049052,0
0.5361725445618465,-1.1145189394387667,-1.643530491370204,1.7746485830611636,3.764630176698629,2.6972016099503073,0.25282210083774825,-0.6655835357049052,1
1.532936719620554,0.8972480992593679,0.5669023402045344,-0.5634918425793681,-0.23253176439269854,-0.5376520618122779,0.46225315966051883,-0.6655835357049052,1
1.2984672400815214,0.8972480992593679,-0.6611158995592091,-0.5634918425793681,0.12158254502059714,-0.11571462636498411,0.6658446396190577,-0.6655835357049052,1
0.9308986867215938,0.8972480992593679,-0.41551225160646044,-0.5634918425793681,-0.0685657962177054,-0.3643563293964251,0.45439626388775417,-0.6655835357049052,1
1.009144808907211,-1.1145189394387667,1.5493169320155293,1.7746485830611636,-0.3769304342167555,-0.32358086294563615,0.5157069041086255,1.5024410105651447,0
0.5775811453061253,-1.1145189394387667,1.0089889065194821,1.7746485830611636,-0.3686802505886332,-0.36739660540372077,0.09565426371894617,1.5024410105651447,0
-0.8370334554448485,-1.1145189394387667,-0.7102366291497588,1.7746485830611636,-0.2962928916751903,0.56513896265224,-0.3402293648066653,-0.6655835357049052,0
1.4243063644212774,-1.1145189394387667,0.5669023402045344,-0.5634918425793681,-0.24304116464651476,-0.2343845300845355,-0.4288230823595078,-0.6655835357049052,1
0.5977476716426247,-1.1145189394387667,1.1563510952911313,1.7746485830611636,-0.3787789134693196,-0.4567807200182133,0.30755932979679396,1.5024410105651447,0
0.2121636880887571,0.8972480992593679,-1.447047573008005,-0.5634918425793681,1.0545427415150899,0.1555308678511333,-0.029822800302100445,-0.6655835357049052,1
-1.3589431570334516,0.8972480992593679,-0.8084780883308583,-0.5634918425793681,-0.38691589465593773,0.19019001433430385,-0.600161048761479,-0.6655835357049052,0
-0.18417577617790984,-1.1145189394387667,1.0581096361100317,-0.5634918425793681,-0.433690440094244,-0.5376520618122779,-0.02983296223080336,1.5024410105651447,0
-0.13765832209505163,0.8972480992593679,1.6475583911966287,-0.5634918425793681,-0.4594352158416066,-0.5376520618122779,-0.06000319836261137,1.5024410105651447,1
1.2750740695311822,0.8972480992593679,-1.5944097617796542,-0.5634918425793681,3.530822034418182,0.6754180650986917,0.5372433071148921,-0.6655835357049052,1
0.16376402488115877,-1.1145189394387667,-1.6926512209607538,1.7746485830611636,5.083195721415059,1.8884881920096612,0.13089419929405385,-0.6655835357049052,1
-0.4173008206278423,0.8972480992593679,1.1072303657005815,-0.5634918425793681,-0.4548896161633444,-0.3731679768074007,-0.22269771385496398,1.5024410105651447,0
1.6673802285305495,-1.1145189394387667,0.12481577388958674,-0.5634918425793681,-0.1312917422217962,-0.03998226615649549,0.7184528521336422,-0.6655835357049052,0
-1.3600187051047317,-1.1145189394387667,-1.0049610066930574,1.7746485830611636,-0.33348964158344313,0.06888300164320693,-0.6215563799300547,-0.6655835357049052,1
-0.269950734862487,0.8972480992593679,-0.07166714447261223,-0.5634918425793681,-0.3345532166727791,0.2941674537838156,-0.07488575358372823,-0.6655835357049052,1
-1.6001348120179837,-1.1145189394387667,1.2545925544722307,-0.5634918425793681,-0.5505946848498198,-0.4593894729793121,-0.7481280596617953,1.5024410105651447,0
0.8394771006627966,0.8972480992593679,-0.022546414882062486,-0.5634918425793681,-0.19887046754012863,-0.2680809224987291,0.3282494231133772,-0.6655835357049052,1
1.4622194339338963,0.8972480992593679,1.40195474324388,-0.5634918425793681,-0.3341799963221268,-0.46300159246391054,0.6566069094624234,1.5024410105651447,1
-0.768198378882931,0.8972480992593679,-0.5137537107875599,-0.5634918425793681,-0.33101036760886615,0.022226458300477356,-0.3265491673412122,-0.6655835357049052,0
1.2532942210877636,0.8972480992593679,-0.5628744403781096,-0.5634918425793681,0.055315505885935486,0.04462159910498751,0.5315427191606916,-0.6655835357049052,1
-0.7254453430495522,0.8972480992593679,-1.1523231954647066,-0.5634918425793681,-0.04487933922088203,0.20885263167139578,-0.29133546260749554,-0.6655835357049052,1
1.4366751672409974,0.8972480992593679,-0.8575988179214081,-0.5634918425793681,0.30766729049855085,0.4838806766390649,0.7269732906202032,-0.6655835357049052,1
0.888683424923855,0.8972480992593679,-1.0049610066930574,-0.5634918425793681,0.31915972219872446,0.06888300164320693,0.23001202595513223,-0.6655835357049052,1
1.0666866307206893,0.8972480992593679,-0.41551225160646044,-0.5634918425793681,-0.04604565281667069,-0.017764864564719506,0.3976446019288047,-0.6655835357049052,1
-1.6840275615778209,-1.1145189394387667,1.2054718248816811,1.7746485830611636,-0.5561406081277838,-0.37856089762723266,-0.7839319079098358,1.5024410105651447,0
1.618711678305131,-1.1145189394387667,0.5177816106139846,-0.5634918425793681,-0.21619869079410375,-0.3311720402104107,0.6062959101317341,-0.6655835357049052,0
0.7932285335977581,0.8972480992593679,-0.9067195475119578,-0.5634918425793681,0.19219714916540984,-0.2680809224987291,0.31780147796055946,-0.6655835357049052,1
-0.6816167591448938,0.8972480992593679,0.8616267177478328,-0.5634918425793681,-0.46401026514273364,-0.2680809224987291,-0.27064766435292326,1.5024410105651447,0
1.1521927023874463,0.8972480992593679,-1.3488061138269056,-0.5634918425793681,1.1714790196810791,1.079774774069015,0.5653021706015707,-0.6655835357049052,1
-0.762820638526531,0.8972480992593679,-0.41551225160646044,-0.5634918425793681,-0.34946556509516735,-0.1910605969805723,-0.41122640554266116,-0.6655835357049052,1
1.3038449804379217,-1.1145189394387667,0.5177816106139846,1.7746485830611636,-0.2473084637805427,-0.5376520618122779,-0.416013447152031,-0.6655835357049052,1
-1.3532965296592319,-1.1145189394387667,0.7142645289761836,1.7746485830611636,-0.5170598514624567,-0.44250930676043715,-0.6096118863416159,1.5024410105651447,0
0.7128313152695809,0.8972480992593679,1.7457998503777281,-0.5634918425793681,-0.4085382052771557,-0.47025927698389064,0.2816799889064319,1.5024410105651447,0
0.14305972450901955,0.8972480992593679,-1.5944097617796542,-0.5634918425793681,2.2166267353518543,5.527698572742571,-0.0209798899446955,-0.6655835357049052,1
-1.40949391638361,0.8972480992593679,1.40195474324388,-0.5634918425793681,-0.5393414184895434,-0.46300159246391054,-0.6108622265623749,1.5024410105651447,0
-0.9012974527038264,-1.1145189394387667,0.4195401514328852,1.7746485830611636,-0.4591081906569051,-0.21416669463601934,-0.3710954248049622,-0.6655835357049052,0
-1.7036563138786804,0.8972480992593679,0.8616267177478328,-0.5634918425793681,-0.551900760994781,-0.3579379689365787,-0.7725995838617608,1.5024410105651447,1
-0.10834963715267248,-1.1145189394387667,-0.5628744403781096,-0.5634918425793681,-0.1976093395096707,0.04462159910498751,-0.00721352513065684,-0.6655835357049052,1
-0.6939855619646134,-1.1145189394387667,1.2054718248816811,1.7746485830611636,-0.4807717815063559,-0.21946973344218748,-0.3486290263510836,1.5024410105651447,0
0.34472498787401296,0.8972480992593679,-1.5944097617796542,-0.5634918425793681,2.4507470380358796,3.101558318920631,0.16842829915168517,-0.6655835357049052,1
-0.7079676868912529,-1.1145189394387667,-0.7593573587403086,1.7746485830611636,-0.25320124254394527,0.1555308678511333,-0.3420122897146586,-0.6655835357049052,1
-0.6985566412675531,-1.1145189394387667,0.5177816106139846,-0.5634918425793681,-0.4451517425422943,-0.3311720402104107,-0.3862750267166552,-0.6655835357049052,0
0.8510392424290564,-1.1145189394387667,-1.0049610066930574,1.7746485830611636,0.30823410807347,0.37215053337094933,0.44855934236897016,-0.6655835357049052,1
-1.5786238505923844,0.8972480992593679,-0.5137537107875599,-0.5634918425793681,-0.4757567455144358,-0.16439971507044107,-0.7166489446887058,-0.6655835357049052,0
1.409248691423358,0.8972480992593679,1.7457998503777281,-0.5634918425793681,-0.36362179165110936,-0.4028664921555035,0.6480633188938744,1.5024410105651447,1
1.2320521466799836,-1.1145189394387667,-0.9067195475119578,-0.5634918425793681,0.3054073221966184,0.8102036347554662,0.6110178933062551,-0.6655835357049052,0
0.5872610779476449,-1.1145189394387667,-1.2996853842363558,1.7746485830611636,0.7318045596894086,1.4032601412452734,0.10022075623481654,-0.6655835357049052,1
0.32670955768007354,-1.1145189394387667,0.12481577388958674,1.7746485830611636,-0.2909257701441961,-0.41323461289833235,0.01714258558484323,-0.6655835357049052,0
1.3721422829641994,-1.1145189394387667,0.6160230697950841,-0.5634918425793681,-0.2553077943830614,-0.3395997961941605,0.5562468759342718,-0.6655835357049052,1
-1.09919829781934,-1.1145189394387667,1.2054718248816811,-0.5634918425793681,-0.5116193702403298,-0.2990153155347101,-0.4878952106479433,1.5024410105651447,0
-1.470800156446568,-1.1145189394387667,1.3528340136533303,-0.5634918425793681,-0.5428127022081854,-0.3860182959484067,-0.6789906138009753,1.5024410105651447,0
-0.9096329502562462,0.8972480992593679,-1.643530491370204,-0.5634918425793681,1.526648189975067,2.6972016099503073,-0.4024607258433995,-0.6655835357049052,1
1.0306557703328103,0.8972480992593679,-1.2014439250552562,-0.5634918425793681,0.6811097101482275,-0.5376520618122779,0.4670581912849613,-0.6655835357049052,0
-1.6256790787108828,-1.1145189394387667,1.40195474324388,1.7746485830611636,-0.554786154765068,-0.3137006537671758,-0.7225468087053009,1.5024410105651447,0
0.2901409232565547,-1.1145189394387667,-0.7102366291497588,1.7746485830611636,-0.05836990771120636,-0.09653565202647074,0.08961441251647366,-0.6655835357049052,1
1.7327197738608076,-1.1145189394387667,-0.8575988179214081,1.7746485830611636,0.38002278614910845,0.2284974920262292,0.856411873668331,-0.6655835357049052,1
1.2441520624818838,0.8972480992593679,1.40195474324388,-0.5634918425793681,-0.3497592016945776,-0.38835112311554315,0.4990111145113875,1.5024410105651447,0
0.07583797005402174,-1.1145189394387667,0.12481577388958674,1.7746485830611636,-0.32079711953280404,-0.16439971507044107,-0.011169563974758961,-0.6655835357049052,0
-1.5245775600105664,-1.1145189394387667,-0.16990860365371172,1.7746485830611636,-0.49490258360059614,-0.24357445528840646,-0.7102598936863194,-0.6655835357049052,0
1.1591837648507666,0.8972480992593679,-1.2014439250552562,-0.5634918425793681,0.7308472677851005,0.2710613561283685,0.40860862500834655,-0.6655835357049052,1
0.3468760840165729,0.8972480992593679,0.46866088102343495,-0.5634918425793681,-0.33620747292329684,-0.326683344088631,0.011938390911239542,-0.6655835357049052,0
-1.3452299191246322,0.8972480992593679,-0.12078787406316197,-0.5634918425793681,-0.47355326031270384,-0.10950966407899447,-0.6024916409189414,-0.6655835357049052,1
-1.4189049620073095,0.8972480992593679,0.27217796266123595,-0.5634918425793681,-0.5061403581294293,-0.3065910852578075,-0.6638036219764737,-0.6655835357049052,0
1.4326418619736974,0.8972480992593679,-1.3488061138269056,-0.5634918425793681,1.31618270898445,0.0014902168148196936,0.520773869265839,-0.6655835357049052,1
0.5923699312862247,0.8972480992593679,-1.2014439250552562,-0.5634918425793681,0.5115025575371336,-0.1332953528419547,0.2886237766138476,-0.6655835357049052,1
1.1519238153696265,0.8972480992593679,0.7633852585667333,-0.5634918425793681,-0.2949678471648947,-0.2577128017559003,0.41139594967042664,1.5024410105651447,1
1.325624828881341,-1.1145189394387667,0.27217796266123595,1.7746485830611636,-0.20269071628868696,-0.5376520618122779,0.45719561362397726,-0.6655835357049052,0
0.25169007970829577,-1.1145189394387667,-0.9067195475119578,1.7746485830611636,0.05248802631929819,-0.5376520618122779,0.0023801126536997833,-0.6655835357049052,1
0.061855845127381924,-1.1145189394387667,0.5177816106139846,-0.5634918425793681,-0.3700207109405441,-0.22793202940947715,0.04849748169193476,-0.6655835357049052,0
-0.24225537202702824,0.8972480992593679,-0.16990860365371172,-0.5634918425793681,-0.3144549515197692,-0.24357445528840646,-0.2032707912015599,-0.6655835357049052,0
-0.639132610329335,0.8972480992593679,0.9107474473383826,-0.5634918425793681,-0.46292979074920193,-0.36120549789795503,-0.31564703020218043,1.5024410105651447,1
-0.22773547306474853,-1.1145189394387667,-0.7593573587403086,-0.5634918425793681,-0.147007246202696,-0.5376520618122779,-0.13061653224488787,-0.6655835357049052,0
0.9580562755214127,0.8972480992593679,-0.12078787406316197,-0.5634918425793681,-0.1589690230120983,-0.25222379665675565,0.43139517964507346,-0.6655835357049052,1
0.3570937906937324,-1.1145189394387667,0.22305723307068623,-0.5634918425793681,-0.3026523812274765,-0.4193037567477931,0.15046058653465233,-0.6655835357049052,0
1.3729489440176592,-1.1145189394387667,-0.16990860365371172,-0.5634918425793681,-0.08716434008979919,-0.24357445528840646,0.6557163434357088,-0.6655835357049052,0
-0.19708235303326951,0.8972480992593679,-1.643530491370204,-0.5634918425793681,2.6296149492864744,4.314628445831601,-0.20054117012780856,-0.6655835357049052,1
0.37510922088767185,-1.1145189394387667,-0.12078787406316197,-0.5634918425793681,-0.23858828830134796,-0.3949379292345167,0.08122786513900616,-0.6655835357049052,0
0.45980863150096885,0.8972480992593679,-0.2681500628348112,-0.5634918425793681,-0.19074422735664442,0.24497382651737992,0.11237814900420368,-0.6655835357049052,1
0.3213318173236736,0.8972480992593679,-0.12078787406316197,-0.5634918425793681,-0.245933238973788,-0.3949379292345167,0.02522510653174892,-0.6655835357049052,0
0.7090668970201011,-1.1145189394387667,-0.4646329811970102,1.7746485830611636,-0.08696674360537895,-0.1782238760608795,0.21737768436487834,-0.6655835357049052,0
-0.9168928997373861,0.8972480992593679,-0.6611158995592091,-0.5634918425793681,-0.32570259673330054,-0.11571462636498411,-0.45117922919396153,-0.6655835357049052,0
0.04410930195126259,-1.1145189394387667,1.5001962024249795,-0.5634918425793681,-0.44045932435753676,-0.4652299646832648,-0.010332590574306771,1.5024410105651447,0
-1.382605214601611,0.8972480992593679,0.12481577388958674,-0.5634918425793681,-0.4944543532775087,-0.16439971507044107,-0.6166782476754367,-0.6655835357049052,1
-0.40278092166556295,0.8972480992593679,0.5177816106139846,-0.5634918425793681,-0.4159282153987564,-0.4344120510113443,-0.22654103908447695,-0.6655835357049052,1
-0.04220343076895443,-1.1145189394387667,-1.0049610066930574,1.7746485830611636,0.04898489290135945,-0.2343845300845355,-0.00950341414460472,-0.6655835357049052,1
0.5329459003480068,-1.1145189394387667,0.4195401514328852,1.7746485830611636,-0.3111025379734573,-0.4298236060868583,-0.38864740829969413,-0.6655835357049052,1
1.5756897554539324,0.8972480992593679,0.665143799385634,-0.5634918425793681,-0.2433345954258787,-0.4406064516594003,0.5753739744032834,1.5024410105651447,0
0.3525227113907925,0.8972480992593679,1.2545925544722307,-0.5634918425793681,-0.4043425009279796,-0.22460170648041478,0.12750997717574264,1.5024410105651447,0
0.8523836775181562,-1.1145189394387667,1.5493169320155293,-0.5634918425793681,-0.3876356998218368,-0.5376520618122779,0.2047624420671203,1.5024410105651447,0
0.02259834052566337,0.8972480992593679,-1.447047573008005,-0.5634918425793681,0.9287866932162421,0.1555308678511333,-0.10753615005877029,-0.6655835357049052,1
0.4694885641424889,-1.1145189394387667,-1.2996853842363558,-0.5634918425793681,0.6771140569824202,-0.05242401104789001,0.1490820192867949,-0.6655835357049052,0
-1.499033293317667,-1.1145189394387667,-1.447047573008005,1.7746485830611636,-0.08065086327053798,0.1555308678511333,-0.6495795242373419,-0.6655835357049052,0
-0.857737755816988,-1.1145189394387667,-0.16990860365371172,1.7746485830611636,-0.40106527440360495,-0.3906132585503422,-0.37603336000999776,-0.6655835357049052,0
-0.4821025919224601,-1.1145189394387667,0.27217796266123595,1.7746485830611636,-0.40256256326579193,-0.4221215735350427,-0.30541004367613644,-0.6655835357049052,0
-0.0954430602973128,0.8972480992593679,-1.3488061138269056,-0.5634918425793681,0.5277348985232261,-0.5376520618122779,-0.00951113721041914,-0.6655835357049052,0
-1.5874971221804441,-1.1145189394387667,0.7142645289761836,1.7746485830611636,-0.5383846915814409,-0.25222379665675565,-0.7037205325155216,1.5024410105651447,0
-1.2575727513153148,-1.1145189394387667,1.3037132840627805,-0.5634918425793681,-0.5261582633747937,-0.5376520618122779,-0.5657157490841814,1.5024410105651447,0
-0.7792227466135505,0.8972480992593679,1.3037132840627805,-0.5634918425793681,-0.49089900255152324,-0.3065910852578075,-0.32789514823395627,1.5024410105651447,0
1.6490959113187906,-1.1145189394387667,-1.3979268434174552,-0.5634918425793681,1.6815838036179622,0.06888300164320693,0.6442574169235624,-0.6655835357049052,1
-0.5885818509791768,0.8972480992593679,-1.5452890321891044,-0.5634918425793681,0.9734167120593225,5.285084547360377,-0.328000717561015,-0.6655835357049052,1
-0.0618321830698139,0.8972480992593679,-1.447047573008005,-0.5634918425793681,0.8727761979455496,0.1555308678511333,-0.058069913518003065,-0.6655835357049052,1
-1.0615541153245414,0.8972480992593679,1.1072303657005815,-0.5634918425793681,-0.5055971637548403,-0.3731679768074007,-0.48593574901017195,1.5024410105651447,0
0.3880157977430315,-1.1145189394387667,-0.6611158995592091,-0.5634918425793681,-0.062239216112877464,-0.326683344088631,0.14226816894788138,-0.6655835357049052,1
-0.7657783957225509,0.8972480992593679,-0.4646329811970102,-0.5634918425793681,-0.34062597525414506,-0.3579379689365787,-0.3551331844512152,-0.6655835357049052,0
-1.0233721587941027,-1.1145189394387667,-1.5944097617796542,-0.5634918425793681,0.8624749046274522,4.314628445831601,-0.4258616152608116,-0.6655835357049052,0
0.05862920091354228,-1.1145189394387667,0.27217796266123595,-0.5634918425793681,-0.34277641358990946,-0.4221215735350427,0.07275364127158468,-0.6655835357049052,0
-1.7275872584646597,0.8972480992593679,1.2054718248816811,-0.5634918425793681,-0.5594566727428493,-0.37856089762723266,-0.7599961961847813,1.5024410105651447,0
-1.7200584219656998,0.8972480992593679,-1.054081736283607,-0.5634918425793681,-0.42705972255615854,0.4328040397164979,-0.7601269366560668,-0.6655835357049052,1
-0.981156896996364,-1.1145189394387667,-1.1523231954647066,1.7746485830611636,-0.13622227577575718,-0.5376520618122779,-0.40664083521540423,-0.6655835357049052,0
-1.6186880162475632,0.8972480992593679,-1.1523231954647066,-0.5634918425793681,-0.36395529635578744,-0.16439971507044107,-0.7541594891956034,-0.6655835357049052,0
-1.3694297507284314,-1.1145189394387667,-1.1032024658741568,1.7746485830611636,-0.2982712589082605,-0.1910605969805723,-0.6422530081484809,-0.6655835357049052,0
-0.5624998102506377,0.8972480992593679,-0.5137537107875599,-0.5634918425793681,-0.29427148934152686,-0.35102588844135946,-0.2768049004311291,-0.6655835357049052,1
1.0586200201860896,0.8972480992593679,0.46866088102343495,-0.5634918425793681,-0.26435629133435595,-0.22119898522680756,0.5221936261980396,-0.6655835357049052,0
0.25276562777957595,-1.1145189394387667,-0.8084780883308583,1.7746485830611636,-0.0126980028457917,-0.29503803643008397,0.07630025352972129,-0.6655835357049052,0
0.04518485002254272,0.8972480992593679,0.9598681769289323,-0.5634918425793681,-0.4086645559166994,-0.3643563293964251,0.035533995200091775,1.5024410105651447,0
-0.7211431507644325,0.8972480992593679,0.46866088102343495,-0.5634918425793681,-0.4440249618810879,-0.22119898522680756,-0.3930643291026344,-0.6655835357049052,0
1.5100813231058547,0.8972480992593679,-1.3488061138269056,-0.5634918425793681,1.3561392406425237,0.0014902168148196936,0.535906251345787,-0.6655835357049052,1
-0.35922122477872426,0.8972480992593679,0.8616267177478328,-0.5634918425793681,-0.43628579670637346,-0.3579379689365787,-0.15003887702213797,1.5024410105651447,0
-1.442567019575469,0.8972480992593679,0.9598681769289323,-0.5634918425793681,-0.5320348068453387,-0.2777084631884987,-0.6795664335521449,1.5024410105651447,0
0.41006453320427066,-1.1145189394387667,-0.16990860365371172,-0.5634918425793681,-0.2226608740552932,-0.3906132585503422,0.10842731814856177,-0.6655835357049052,1
-1.348994337374112,0.8972480992593679,0.7633852585667333,-0.5634918425793681,-0.5183066097560863,-0.35102588844135946,-0.633880121479776,1.5024410105651447,0
-0.5401821877715784,0.8972480992593679,0.4195401514328852,-0.5634918425793681,-0.4218431753674657,-0.21416669463601934,-0.2890264414532347,-0.6655835357049052,0
0.026631645792963007,-1.1145189394387667,1.6966791207871785,1.7746485830611636,-0.45069598072008943,-0.4009681038504785,0.01923687198829843,1.5024410105651447,0
1.3089538337765014,0.8972480992593679,-0.8575988179214081,-0.5634918425793681,0.27645125014068084,-0.5376520618122779,0.48929594018427597,-0.6655835357049052,1
-0.021768017414635337,0.8972480992593679,-0.6611158995592091,-0.5634918425793681,-0.14497529525269306,0.09525409135866277,-0.032332796691756725,-0.6655835357049052,1
0.7077224619310012,-1.1145189394387667,0.07569504429903699,-0.5634918425793681,-0.2361818505152459,-0.2822688771994422,0.16802753465537412,-0.6655835357049052,0
1.7235776152549276,-1.1145189394387667,1.0089889065194821,1.7746485830611636,-0.2753169074270599,-0.36739660540372077,0.8141972741328083,1.5024410105651447,0
-1.287419210293334,-1.1145189394387667,1.1563510952911313,1.7746485830611636,-0.5246826861020041,-0.5376520618122779,-0.5995736548352261,1.5024410105651447,1
-0.7864826960946903,-1.1145189394387667,-1.5944097617796542,1.7746485830611636,1.1374882201802874,0.6754180650986917,-0.3533806425933486,-0.6655835357049052,0
-0.3678256093489638,0.8972480992593679,-0.3663915220159107,-0.5634918425793681,-0.29491899447574044,-0.5376520618122779,-0.15497232358548585,-0.6655835357049052,1
-0.272370718022867,-1.1145189394387667,-0.022546414882062486,1.7746485830611636,-0.3422908307398982,-0.4028664921555035,-0.20141828974529272,-0.6655835357049052,0
-0.31028378753548563,0.8972480992593679,1.2545925544722307,-0.5634918425793681,-0.4539860747874309,-0.4593894729793121,-0.10196383146609671,1.5024410105651447,0
1.4256507995103778,0.8972480992593679,0.9107474473383826,-0.5634918425793681,-0.28859671881605,-0.36120549789795503,0.6176511487223386,1.5024410105651447,0
0.7488621756574595,0.8972480992593679,1.3528340136533303,-0.5634918425793681,-0.38175744398679967,-0.3102014130164711,0.27027714899072525,1.5024410105651447,0
0.3780669780836918,0.8972480992593679,-1.3979268434174552,-0.5634918425793681,0.9437926897597039,1.2819531285541765,0.056272834100905555,-0.6655835357049052,1
-0.6654835380756943,0.8972480992593679,0.665143799385634,-0.5634918425793681,-0.4514831525321561,-0.3435608415065227,-0.2587289545631841,1.5024410105651447,1
1.1325639500865872,-1.1145189394387667,-0.21902933324426146,-0.5634918425793681,-0.10596372742501795,-0.2343845300845355,0.5293259189994303,-0.6655835357049052,0
1.591554089505312,0.8972480992593679,1.1072303657005815,-0.5634918425793681,-0.2967777263235837,-0.20868389180252342,0.5544471019978424,1.5024410105651447,0
1.1236906784985274,0.8972480992593679,1.2545925544722307,-0.5634918425793681,-0.34658275657548204,-0.4593894729793121,0.4027334551947498,1.5024410105651447,0
-1.741569383391299,0.8972480992593679,-0.5628744403781096,-0.5634918425793681,-0.5009793061235948,0.04462159910498751,-0.7695621785790526,-0.6655835357049052,0
0.4775551746770886,0.8972480992593679,-0.7593573587403086,-0.5634918425793681,0.008954037337671772,0.1555308678511333,0.21859540391510282,-0.6655835357049052,0
-1.5681372568974048,-1.1145189394387667,0.07569504429903699,1.7746485830611636,-0.5143003406089427,-0.026885692586606495,-0.6929241874627121,-0.6655835357049052,0
-0.8464445010685483,0.8972480992593679,-1.5452890321891044,-0.5634918425793681,0.7339272504337436,1.4032601412452734,-0.405704413485417,-0.6655835357049052,1
-1.5388285719550259,0.8972480992593679,-0.7593573587403086,-0.5634918425793681,-0.4369299372216946,0.3865918444056037,-0.6827964303047642,-0.6655835357049052,0
0.36354707912141204,0.8972480992593679,1.2054718248816811,-0.5634918425793681,-0.4002651016850426,-0.2990153155347101,0.09699959420142415,1.5024410105651447,1
0.6531383973135428,-1.1145189394387667,-0.5628744403781096,1.7746485830611636,-0.056163217440089994,-0.1494696212007676,0.17457296339020945,-0.6655835357049052,1
-1.346843241231552,0.8972480992593679,0.7142645289761836,-0.5634918425793681,-0.5164722554086616,-0.25222379665675565,-0.603272793921216,1.5024410105651447,0
-0.40520090482594256,0.8972480992593679,0.665143799385634,-0.5634918425793681,-0.4273094508790215,-0.3435608415065227,-0.13121089308541498,1.5024410105651447,1
-0.15217822105733092,0.8972480992593679,0.7633852585667333,-0.5634918425793681,-0.4114276900384867,-0.35102588844135946,-0.13409554624524772,1.5024410105651447,1
-0.45682721224738093,0.8972480992593679,0.026574314708487253,-0.5634918425793681,-0.37245696223287883,-0.01308119612104775,-0.23669155402703962,-0.6655835357049052,1
-1.323987844716853,0.8972480992593679,1.5001962024249795,-0.5634918425793681,-0.5352815412774429,-0.24796367329622546,-0.5897433165986095,1.5024410105651447,0
-0.28258842470002693,-1.1145189394387667,-0.07166714447261223,1.7746485830611636,-0.33622996398343047,-0.3990154758795957,-0.14831507330339186,-0.6655835357049052,0
0.8787346052645155,-1.1145189394387667,0.026574314708487253,1.7746485830611636,-0.20483526227878107,-0.40650934538947037,0.4384749491819123,-0.6655835357049052,0
-1.498764406299847,-1.1145189394387667,-1.447047573008005,-0.5634918425793681,-0.08047248589706439,-0.5376520618122779,-0.6617240452303718,-0.6655835357049052,0
-1.466766851179268,0.8972480992593679,0.17393650348013648,-0.5634918425793681,-0.50691035379159,-0.17373102373898702,-0.6967956752572042,-0.6655835357049052,0
-0.5068401975618994,0.8972480992593679,0.3212986922517857,-0.5634918425793681,-0.4098691217265222,-0.4248083290763737,-0.17573633767486335,-0.6655835357049052,0
1.5447677484046334,0.8972480992593679,1.1072303657005815,-0.5634918425793681,-0.3004601609149528,-0.044199806797646145,0.7150995207850318,1.5024410105651447,1
0.5899499481258447,-1.1145189394387667,-1.1523231954647066,-0.5634918425793681,0.4249941051812723,-0.16439971507044107,0.31058097929664963,-0.6655835357049052,0
0.6254430344780838,-1.1145189394387667,-1.5944097617796542,1.7746485830611636,2.7766424993720427,0.6754180650986917,0.27365507087189656,-0.6655835357049052,0
-0.48183370490464034,-1.1145189394387667,-0.8575988179214081,1.7746485830611636,-0.1612304946665075,0.2284974920262292,-0.18597031929144398,-0.6655835357049052,1
0.32832287978699354,0.8972480992593679,0.22305723307068623,-0.5634918425793681,-0.3059110312941029,-0.18260714661882338,0.0204495312330373,-0.6655835357049052,0
-1.71145403739546,0.8972480992593679,-0.7102366291497588,-0.5634918425793681,-0.4808648248457236,-0.5376520618122779,-0.7786016133790543,-0.6655835357049052,0
0.47647962660580845,0.8972480992593679,-1.0049610066930574,-0.5634918425793681,0.19952424752718761,0.06888300164320693,0.26111281198942876,-0.6655835357049052,1
1.4455484388290567,-1.1145189394387667,-0.4646329811970102,1.7746485830611636,0.03970101126900028,-0.3579379689365787,0.4931713350044399,-0.6655835357049052,1
0.39420019915289106,-1.1145189394387667,-1.3488061138269056,-0.5634918425793681,0.7803767184862542,1.079774774069015,0.03875319721299333,-0.6655835357049052,1
1.3070716246517617,-1.1145189394387667,0.3212986922517857,-0.5634918425793681,-0.21397757916448384,-0.4248083290763737,-0.3586750800328492,-0.6655835357049052,1
0.7838174879740586,0.8972480992593679,0.4195401514328852,-0.5634918425793681,-0.28521403516999716,-0.21416669463601934,0.39267190317625866,-0.6655835357049052,1
-1.3256011668237726,0.8972480992593679,-1.054081736283607,-0.5634918425793681,-0.304942572676171,1.079774774069015,-0.6327211748597814,-0.6655835357049052,1
1.407635369316438,-1.1145189394387667,-1.643530491370204,-0.5634918425793681,5.113579334030053,-0.5376520618122779,0.685448940091836,-0.6655835357049052,1
-1.5146287403512266,-1.1145189394387667,0.07569504429903699,1.7746485830611636,-0.5077614016287151,-0.40996046950586007,-0.673891004860565,-0.6655835357049052,0
0.11966655395868019,0.8972480992593679,1.6475583911966287,-0.5634918425793681,-0.44236450120018855,-0.3990154758795957,0.021988897747931238,1.5024410105651447,0
-1.2500439148163554,0.8972480992593679,0.12481577388958674,-0.5634918425793681,-0.4786702426145037,-0.41323461289833235,-0.542847770876207,-0.6655835357049052,1
-1.7060762970390604,0.8972480992593679,0.27217796266123595,-0.5634918425793681,-0.53789153060772,0.04000037957389809,-0.7727920918506391,-0.6655835357049052,1
-0.2718329439872271,0.8972480992593679,1.3037132840627805,-0.5634918425793681,-0.4534992132465704,-0.4606317362941211,-0.2039175201100237,1.5024410105651447,0
-0.7154965233902126,0.8972480992593679,1.2054718248816811,-0.5634918425793681,-0.48240934427922777,-0.2990153155347101,-0.37107997867333353,1.5024410105651447,0
-0.0481189451609942,-1.1145189394387667,-1.054081736283607,1.7746485830611636,0.09054384796447042,0.10931867254023923,-0.053466414645105695,-0.6655835357049052,1
0.27078105797351537,0.8972480992593679,-1.643530491370204,-0.5634918425793681,3.3538270855890597,2.6972016099503073,0.08982679682636764,-0.6655835357049052,1
-1.5939504106081241,0.8972480992593679,1.6966791207871785,-0.5634918425793681,-0.556689825923967,-0.5376520618122779,-0.7022684858129165,1.5024410105651447,0
-1.316996782253533,0.8972480992593679,-0.9067195475119578,-0.5634918425793681,-0.35221059467584354,0.0014902168148196936,-0.5768430089510225,-0.6655835357049052,0
0.20571039966107746,-1.1145189394387667,-0.3663915220159107,-0.5634918425793681,-0.2030792509125173,-0.20301202680235525,0.07235887689703341,-0.6655835357049052,0
-0.5474421372527182,-1.1145189394387667,1.5001962024249795,1.7746485830611636,-0.4814594967678736,-0.24796367329622546,-0.22755259281341877,1.5024410105651447,0
0.8018329181679981,0.8972480992593679,-0.022546414882062486,-0.5634918425793681,-0.20372629604024173,-0.5376520618122779,0.22975385489791042,-0.6655835357049052,0
0.5332147873658266,-1.1145189394387667,-1.4961683025985548,-0.5634918425793681,1.5790911377762886,1.8884881920096612,0.08675687816517247,-0.6655835357049052,0
1.2089278631474647,-1.1145189394387667,1.4510754728344297,-0.5634918425793681,-0.35605741985125783,-0.3170938569193743,0.5995981523358004,1.5024410105651447,0
0.6735738106678619,0.8972480992593679,0.22305723307068623,-0.5634918425793681,-0.2668072304945858,-0.18260714661882338,-0.3257055189393196,-0.6655835357049052,0
-0.24413758115176798,0.8972480992593679,1.0089889065194821,-0.5634918425793681,-0.43562496591049343,-0.36739660540372077,-0.1834518183352658,1.5024410105651447,0
0.6055453951594042,-1.1145189394387667,0.026574314708487253,1.7746485830611636,-0.2391222860664524,-0.5376520618122779,0.27580465752355116,-0.6655835357049052,0
-0.7843315999521304,-1.1145189394387667,0.46866088102343495,-0.5634918425793681,-0.4504038918672614,-0.326683344088631,-0.38335386101875346,-0.6655835357049052,0
-0.6762390187884939,-1.1145189394387667,-0.6119951699686594,-0.5634918425793681,-0.2906456261922665,-0.1332953528419547,-0.27291972822686406,-0.6655835357049052,0
1.011027018031951,-1.1145189394387667,0.5669023402045344,-0.5634918425793681,-0.28302370967155327,-0.4365628845696971,0.344487086827726,-0.6655835357049052,0
-0.18659575933828984,-1.1145189394387667,-0.21902933324426146,1.7746485830611636,-0.2973960949196559,-0.5376520618122779,-0.2023685471519404,-0.6655835357049052,1
1.04383123420599,0.8972480992593679,-1.2014439250552562,-0.5634918425793681,0.6862083300733464,-0.5376520618122779,0.3588159134127009,-0.6655835357049052,1
1.1277239837658273,0.8972480992593679,-1.250564654645806,-0.5634918425793681,0.838722335736964,-0.09653565202647074,0.47509579650699924,-0.6655835357049052,1
1.250605350909563,0.8972480992593679,1.5493169320155293,-0.5634918425793681,-0.3604410199571277,-0.5376520618122779,0.46728328145279235,1.5024410105651447,0
1.4571105805953164,0.8972480992593679,-1.054081736283607,-0.5634918425793681,0.5565368984267541,0.10931867254023923,0.6052917916524894,-0.6655835357049052,1
-0.24037316290228808,-1.1145189394387667,-1.250564654645806,1.7746485830611636,0.2611688326793542,-0.09653565202647074,-0.07094426423048676,-0.6655835357049052,0
-0.6324104348838353,-1.1145189394387667,-1.6926512209607538,1.7746485830611636,3.234581811421996,6.7407686996535405,-0.24745879494984777,-0.6655835357049052,0
0.2882587141318146,-1.1145189394387667,-1.4961683025985548,1.7746485830611636,1.389505719336158,0.2710613561283685,0.03858811668121219,-0.6655835357049052,0
-0.4495672627662413,0.8972480992593679,-0.7593573587403086,-0.5634918425793681,-0.19606102390792032,-0.3065910852578075,-0.23340667670067888,-0.6655835357049052,1
0.3541360334977125,-1.1145189394387667,-1.3488061138269056,1.7746485830611636,0.7597047628714868,2.6972016099503073,0.13002535438994198,-0.6655835357049052,0
0.7195534907150807,0.8972480992593679,0.37041942184233545,-0.5634918425793681,-0.28479971317979264,-0.20681475447292255,0.39254179074347256,-0.6655835357049052,0
0.6593227987234024,0.8972480992593679,-1.6926512209607538,-0.5634918425793681,6.2338189690061485,1.8884881920096612,0.37683523015131115,-0.6655835357049052,1
-0.4377362339821617,-1.1145189394387667,1.0581096361100317,1.7746485830611636,-0.4539916304787071,-0.4539920530597972,-0.264429215883962,1.5024410105651447,0
-1.163731182096138,-1.1145189394387667,1.40195474324388,1.7746485830611636,-0.5217835964051782,-0.23905018441880843,-0.5131805281240512,1.5024410105651447,1
-0.2419864850092081,-1.1145189394387667,-0.3663915220159107,-0.5634918425793681,-0.274768502217143,-0.03569200929739391,-0.1594530808766911,-0.6655835357049052,0
-1.2484305927094352,0.8972480992593679,0.07569504429903699,-0.5634918425793681,-0.4752310016768296,-0.5376520618122779,-0.6155202821673866,-0.6655835357049052,0
1.3643445594474197,0.8972480992593679,0.5669023402045344,-0.5634918425793681,-0.24884214547968553,-0.5376520618122779,0.3997752004281023,-0.6655835357049052,1
-0.5380310916290186,0.8972480992593679,0.07569504429903699,-0.5634918425793681,-0.38841755049210047,-0.15457728489302436,-0.27146709305698136,-0.6655835357049052,0
-1.2070219919651566,0.8972480992593679,0.665143799385634,-0.5634918425793681,-0.5017784367567563,-0.2465152313536452,-0.5548383904959604,1.5024410105651447,0
-1.657945520849282,-1.1145189394387667,0.4195401514328852,-0.5634918425793681,-0.5371899129387241,-0.10633823891059978,-0.7738129364508363,-0.6655835357049052,0
0.5106282778689473,-1.1145189394387667,1.0089889065194821,1.7746485830611636,-0.3741348429037979,-0.36739660540372077,0.23129336532086278,1.5024410105651447,1
0.4794373838018283,-1.1145189394387667,-0.3663915220159107,-0.5634918425793681,-0.15924762458932878,-0.3703320443073166,0.12376553372365046,-0.6655835357049052,0
-0.5563154088407778,0.8972480992593679,-1.447047573008005,-0.5634918425793681,0.544740208127704,2.235079656841367,-0.26448815507043977,-0.6655835357049052,1
-1.4963444231394671,-1.1145189394387667,1.2545925544722307,-0.5634918425793681,-0.5428208838316663,-0.3811268841463463,-0.6919294620607516,1.5024410105651447,0
-0.3151237538562457,0.8972480992593679,-0.7593573587403086,-0.5634918425793681,-0.16633146166232982,-0.3065910852578075,-0.22598674121956375,-0.6655835357049052,0
-0.6590302496480145,-1.1145189394387667,-1.643530491370204,-0.5634918425793681,1.914559518155532,2.6972016099503073,-0.33063621377015423,-0.6655835357049052,0
0.6200652941216839,0.8972480992593679,0.07569504429903699,-0.5634918425793681,-0.24689388120647288,-0.2822688771994422,0.16640569083436535,-0.6655835357049052,0
0.370538141584732,0.8972480992593679,-0.7593573587403086,-0.5634918425793681,-0.01471069420981823,-0.07553010870333711,0.13387723346483774,-0.6655835357049052,1
-0.4724226592809404,0.8972480992593679,-0.4646329811970102,-0.5634918425793681,-0.29017160483868404,-0.3579379689365787,-0.2842933632692968,-0.6655835357049052,0
-0.9851902022636638,-1.1145189394387667,-0.31727079242536094,-0.5634918425793681,-0.40071338449411625,-0.5376520618122779,-0.4572398990391955,-0.6655835357049052,0
1.7066377331322684,0.8972480992593679,-1.6926512209607538,-0.5634918425793681,8.665548512884223,6.7407686996535405,0.5837361633171435,-0.6655835357049052,1
-0.15997594457411085,0.8972480992593679,-0.022546414882062486,-0.5634918425793681,-0.3277927142181319,0.0014902168148196936,-0.07134972518573908,-0.6655835357049052,1
0.6590539117055827,-1.1145189394387667,1.6966791207871785,-0.5634918425793681,-0.40933252893321037,-0.12760018792687972,0.3146292449022527,1.5024410105651447,1
-1.2556905421905749,0.8972480992593679,1.1563510952911313,-0.5634918425793681,-0.5222270242605184,-0.21416669463601934,-0.6092693749177216,1.5024410105651447,0
-0.04946338025009447,0.8972480992593679,1.6475583911966287,-0.5634918425793681,-0.4535844379916744,-0.3990154758795957,-0.061240567820254665,1.5024410105651447,0
-1.650685571368142,0.8972480992593679,-0.12078787406316197,-0.5634918425793681,-0.515272580132163,-0.3949379292345167,-0.7683444792816232,-0.6655835357049052,0
0.019909470347463227,0.8972480992593679,0.7633852585667333,-0.5634918425793681,-0.39605979324692,-0.16439971507044107,-0.0056518757932008615,1.5024410105651447,1
1.622744983572431,-1.1145189394387667,-1.1523231954647066,-0.5634918425793681,0.7939196775338223,0.20885263167139578,0.5860820445582453,-0.6655835357049052,0
-0.4038564697368427,-1.1145189394387667,-0.7593573587403086,1.7746485830611636,-0.18595297274441955,0.1555308678511333,-0.20324617392927666,-0.6655835357049052,0
-1.6106214057129635,0.8972480992593679,0.8616267177478328,-0.5634918425793681,-0.5439002054660231,-0.3579379689365787,-0.7266262131241901,1.5024410105651447,0
-1.6388545425840626,-1.1145189394387667,0.37041942184233545,-0.5634918425793681,-0.5337050677060454,-0.20681475447292255,-0.7161878237777358,-0.6655835357049052,0
-0.3906810058636633,0.8972480992593679,0.7142645289761836,-0.5634918425793681,-0.4294101067713394,-0.5376520618122779,-0.19403757640556335,1.5024410105651447,0
-1.1876621266821172,0.8972480992593679,-0.31727079242536094,-0.5634918425793681,-0.4320542890134178,-0.21416669463601934,-0.537569104449701,-0.6655835357049052,0
-1.6652054703304218,0.8972480992593679,1.0581096361100317,-0.5634918425793681,-0.55226833684676,-0.3703320443073166,-0.7564067997282856,1.5024410105651447,0
0.8964811484406349,0.8972480992593679,0.17393650348013648,-0.5634918425793681,-0.23255257508627042,-0.29503803643008397,0.475607301096702,-0.6655835357049052,1
-0.14411161052273128,0.8972480992593679,1.0089889065194821,-0.5634918425793681,-0.42747593642759685,-0.2822688771994422,-0.04468901243523286,1.5024410105651447,0
-0.735931936744532,-1.1145189394387667,0.37041942184233545,-0.5634918425793681,-0.4384110099590204,-0.3170938569193743,-0.37943162122216545,-0.6655835357049052,0
1.3992998717640182,-1.1145189394387667,0.7142645289761836,1.7746485830611636,-0.26642565134989565,-0.34736655170859637,-0.4641776755321437,1.5024410105651447,0
-1.3409277268395121,0.8972480992593679,-0.6119951699686594,-0.5634918425793681,-0.419255712466691,0.06888300164320693,-0.6169470527807821,-0.6655835357049052,0
1.5945118467013324,-1.1145189394387667,0.4195401514328852,1.7746485830611636,-0.2015550470109054,0.0014902168148196936,0.7631052444760136,-0.6655835357049052,0
-0.6493503170064948,-1.1145189394387667,0.12481577388958674,1.7746485830611636,-0.4071454896304199,-0.16439971507044107,-0.2679909718943854,-0.6655835357049052,0
1.35842904505538,-1.1145189394387667,-0.6119951699686594,-0.5634918425793681,0.10304066945440435,-0.5376520618122779,0.1860394075993781,-0.6655835357049052,0
0.36058932192539217,-1.1145189394387667,0.46866088102343495,-0.5634918425793681,-0.3348231093943826,-0.326683344088631,0.16747321334597995,-0.6655835357049052,1
1.1427816567637468,0.8972480992593679,0.8125059881572831,-0.5634918425793681,-0.3015594606796501,-0.2629946745871527,-0.485481084238732,1.5024410105651447,0
1.6926556082056285,-1.1145189394387667,0.7142645289761836,1.7746485830611636,-0.23971451407112215,-0.34736655170859637,-0.4641776755321437,1.5024410105651447,0
-0.7388896939405518,-1.1145189394387667,-1.3488061138269056,1.7746485830611636,0.1957349670726351,1.079774774069015,-0.37919016316160414,-0.6655835357049052,0
1.6127961639130912,-1.1145189394387667,-1.6926512209607538,1.7746485830611636,8.44766055118629,4.314628445831601,0.7368845584152568,-0.6655835357049052,0
-0.3855721525250835,0.8972480992593679,-1.3488061138269056,-0.5634918425793681,0.37803664276259596,-0.5376520618122779,-0.24405581907540969,-0.6655835357049052,0
-0.3992853904339028,0.8972480992593679,-0.31727079242536094,-0.5634918425793681,-0.31002038190771786,-0.21416669463601934,-0.2868384412244891,-0.6655835357049052,1
-0.5571220698942377,0.8972480992593679,-1.4961683025985548,-0.5634918425793681,0.7352175134352024,0.2710613561283685,-0.24171283398398818,-0.6655835357049052,1
0.1454797076693992,0.8972480992593679,0.5669023402045344,-0.5634918425793681,-0.3667607379315396,-0.33547370732711634,-0.03990468760078235,-0.6655835357049052,1
-1.2080975400364367,0.8972480992593679,-0.07166714447261223,-0.5634918425793681,-0.45902494788261744,-0.26037888994691344,-0.590911481927798,-0.6655835357049052,0
0.188501630520598,-1.1145189394387667,1.4510754728344297,1.7746485830611636,-0.4278543126743589,-0.24357445528840646,-0.008452483111870598,1.5024410105651447,0
0.14655525574067932,0.8972480992593679,0.9598681769289323,-0.5634918425793681,-0.4002585221917587,-0.5376520618122779,0.004253472361388828,1.5024410105651447,0
0.9163787877593141,-1.1145189394387667,0.37041942184233545,1.7746485830611636,-0.26402685723255553,-0.3170938569193743,0.35443384913521825,-0.6655835357049052,0
1.166981488367546,0.8972480992593679,-0.2681500628348112,-0.5634918425793681,-0.08481108394864668,-0.5376520618122779,0.3335937846568919,-0.6655835357049052,1
-0.20730005971042906,-1.1145189394387667,-0.9067195475119578,-0.5634918425793681,-0.06592482010488877,-0.5376520618122779,-0.038806543036119474,-0.6655835357049052,0
-0.6902211437151335,0.8972480992593679,-0.4646329811970102,-0.5634918425793681,-0.3276308532681281,-0.3579379689365787,-0.3014118356877463,-0.6655835357049052,0
-0.8405289866765085,0.8972480992593679,-1.3488061138269056,-0.5634918425793681,0.14329201927141347,0.5406324954419173,-0.41785376139458086,-0.6655835357049052,1
-1.0666629686631213,-1.1145189394387667,0.5669023402045344,1.7746485830611636,-0.48402899620927137,-0.5376520618122779,-0.5123122994219991,-0.6655835357049052,0
-1.5455507474005257,-1.1145189394387667,0.5177816106139846,-0.5634918425793681,-0.5288372975442437,-0.4344120510113443,-0.416013447152031,-0.6655835357049052,0
-0.5498621204130981,-1.1145189394387667,1.598437661606079,-0.5634918425793681,-0.48511250949415685,-0.2563604381807487,-0.2517553181815536,1.5024410105651447,0
-0.8023470301460697,0.8972480992593679,-0.12078787406316197,-0.5634918425793681,-0.3994059832744219,-0.10950966407899447,-0.42457677794806453,-0.6655835357049052,1
1.6310804811248507,0.8972480992593679,-1.6926512209607538,-0.5634918425793681,8.490114366072994,9.16690895347548,0.5640423454906084,-0.6655835357049052,1
0.20248375544723743,-1.1145189394387667,-0.8084780883308583,-0.5634918425793681,-0.024372801939635164,-0.05242401104789001,0.1305405641751871,-0.6655835357049052,1
-0.5329222382904384,0.8972480992593679,-0.21902933324426146,-0.5634918425793681,-0.34765391989582667,-0.2343845300845355,-0.30012387552467834,-0.6655835357049052,1
0.28207431272195466,-1.1145189394387667,-1.054081736283607,1.7746485830611636,0.19276597478970875,0.10931867254023923,0.061303859831381965,-0.6655835357049052,1
-1.2602616214935147,0.8972480992593679,0.8616267177478328,-0.5634918425793681,-0.5137709457724642,-0.4477950153744283,-0.5439196050995251,1.5024410105651447,1
-0.1946623698728895,0.8972480992593679,0.6160230697950841,-0.5634918425793681,-0.4037942165588236,-0.4386259290032192,-0.08821400477454978,-0.6655835357049052,0
0.44206208832484956,0.8972480992593679,1.6475583911966287,-0.5634918425793681,-0.42097705412071074,-0.46833376884593675,0.11953625576493966,1.5024410105651447,0
-0.03790123848383466,0.8972480992593679,1.3037132840627805,-0.5634918425793681,-0.43625606714412785,-0.4606317362941211,-0.014492514660660255,1.5024410105651447,0
-0.34255022967388465,-1.1145189394387667,1.5001962024249795,1.7746485830611636,-0.46725852796029327,-0.3203857704252386,-0.2616920541972072,1.5024410105651447,0
1.7270731464865874,-1.1145189394387667,1.40195474324388,-0.5634918425793681,-0.3152582733975102,-0.38835112311554315,0.791813657290627,1.5024410105651447,0
1.3301959081842807,0.8972480992593679,1.6966791207871785,-0.5634918425793681,-0.3654366209144816,-0.4009681038504785,0.5353224703173574,1.5024410105651447,1
0.43211326866551014,-1.1145189394387667,1.3528340136533303,-0.5634918425793681,-0.40474025370028144,-0.3860182959484067,0.22575735222151516,1.5024410105651447,0
0.243354582155876,0.8972480992593679,-0.12078787406316197,-0.5634918425793681,-0.256583417448826,-0.5376520618122779,0.17015545750652575,-0.6655835357049052,0
0.4227022230418102,0.8972480992593679,0.27217796266123595,-0.5634918425793681,-0.30252258630937995,-0.4221215735350427,0.24772063913246742,-0.6655835357049052,0
-1.0432697981127819,0.8972480992593679,0.6160230697950841,-0.5634918425793681,-0.4842169295134667,-0.14154753057604294,-0.4394252495972243,-0.6655835357049052,1
-0.36567451320640393,-1.1145189394387667,-1.1032024658741568,-0.5634918425793681,0.034670108680107635,0.1555308678511333,-0.18925955321903318,-0.6655835357049052,0
-1.6090080836060436,-1.1145189394387667,-0.21902933324426146,1.7746485830611636,-0.5038121617860715,0.06888300164320693,-0.7350881878433766,-0.6655835357049052,0
-0.08468757958451338,-1.1145189394387667,1.598437661606079,1.7746485830611636,-0.45380598785988724,-0.2563604381807487,-0.07684321004416846,1.5024410105651447,0
0.15112633504361922,-1.1145189394387667,-1.5452890321891044,-0.5634918425793681,1.6604193282553263,1.4032601412452734,5.905541527737765,-0.6655835357049052,0
-0.950772663982705,-1.1145189394387667,-0.8084780883308583,1.7746485830611636,-0.29214399612944425,-0.29503803643008397,-0.399217038201382,-0.6655835357049052,0
1.622744983572431,-1.1145189394387667,1.6966791207871785,-0.5634918425793681,-0.34630250716272803,-0.3326261248695788,0.5667514866487628,1.5024410105651447,0
1.432104087938057,-1.1145189394387667,-1.1032024658741568,1.7746485830611636,0.6309856682021617,0.5021223326828389,0.7172085630482933,-0.6655835357049052,1
0.7773641995463786,-1.1145189394387667,-0.6119951699686594,-0.5634918425793681,-0.009389102567857537,-0.33547370732711634,0.384350108974122,-0.6655835357049052,0
0.1175154578161203,0.8972480992593679,-1.6926512209607538,-0.5634918425793681,4.975812542583987,1.8884881920096612,0.11606591293054513,-0.6655835357049052,1
1.2941650477964017,0.8972480992593679,0.9107474473383826,-0.5634918425793681,-0.29969827789604886,-0.1847589339836322,0.6411056705412392,1.5024410105651447,1
-1.290376967489354,0.8972480992593679,1.7457998503777281,-0.5634918425793681,-0.5377379278694512,-0.47025927698389064,-0.6085229993271407,1.5024410105651447,0
1.0164047583883509,0.8972480992593679,-1.0049610066930574,-0.5634918425793681,0.35622877012369514,0.6754180650986917,0.2920900289706962,-0.6655835357049052,1
-1.3105434938258533,-1.1145189394387667,1.4510754728344297,1.7746485830611636,-0.5333266914592834,-0.5376520618122779,-0.630905448139291,1.5024410105651447,0
1.0293113352437104,0.8972480992593679,1.7457998503777281,-0.5634918425793681,-0.38812638333203736,-0.33547370732711634,0.35011722957885805,1.5024410105651447,0
-0.7829871648630304,-1.1145189394387667,-1.0049610066930574,1.7746485830611636,-0.16601558506347042,0.37215053337094933,-0.35629223840535007,-0.6655835357049052,1
1.3189026534358412,0.8972480992593679,-0.7102366291497588,-0.5634918425793681,0.15878022030554056,0.12402255286643277,0.6289988454646839,-0.6655835357049052,1
1.553103245957053,0.8972480992593679,-0.8084780883308583,-0.5634918425793681,0.28922353949552715,-0.05242401104789001,0.43953534644207665,-0.6655835357049052,1
-1.226919631283836,0.8972480992593679,1.2054718248816811,-0.5634918425793681,-0.5213423992042565,-0.45810647971975527,-0.5510486505781523,1.5024410105651447,0
-0.12959171156045157,-1.1145189394387667,-0.12078787406316197,-0.5634918425793681,-0.30752065036219745,-0.5376520618122779,-0.18136690400151015,-0.6655835357049052,0
1.6821690145106492,0.8972480992593679,0.665143799385634,-0.5634918425793681,-0.23344535384050547,-0.3435608415065227,0.583788175801199,1.5024410105651447,0
-0.057261103766873996,0.8972480992593679,-0.022546414882062486,-0.5634918425793681,-0.31454323931068034,-0.2680809224987291,-0.13522389265069237,-0.6655835357049052,1
1.2715785382995224,-1.1145189394387667,0.4195401514328852,1.7746485830611636,-0.23487990431739605,-0.32199515036143883,0.4722291348960992,-0.6655835357049052,0
0.31111411064651406,-1.1145189394387667,-1.2014439250552562,1.7746485830611636,0.4026626301560268,0.6754180650986917,0.10061627081742909,-0.6655835357049052,1
-0.4350473638039616,0.8972480992593679,1.5001962024249795,-0.5634918425793681,-0.47366946400990956,-0.3203857704252386,-0.29393585397202426,1.5024410105651447,0
-0.7480318525464316,0.8972480992593679,0.5177816106139846,-0.5634918425793681,-0.45004004162812244,-0.4344120510113443,-0.37607050627763733,-0.6655835357049052,0
-1.036547622667282,0.8972480992593679,-1.2996853842363558,-0.5634918425793681,-0.02225011119529996,0.4328040397164979,-0.5148184616655066,-0.6655835357049052,0
0.9158410137236742,-1.1145189394387667,-1.5944097617796542,-0.5634918425793681,3.113775735237039,0.6754180650986917,0.4013945794408723,-0.6655835357049052,0
-0.395789859202243,0.8972480992593679,-0.4646329811970102,-0.5634918425793681,-0.2769914989098056,-0.1782238760608795,-0.21006281915389566,-0.6655835357049052,1
0.0403448837017827,0.8972480992593679,0.6160230697950841,-0.5634918425793681,-0.38152252735655545,-0.5376520618122779,-0.017284885644153116,-0.6655835357049052,1
-0.026070209699755105,0.8972480992593679,1.5001962024249795,-0.5634918425793681,-0.4453234357207631,-0.4652299646832648,-0.05903354150256341,1.5024410105651447,0
0.2710499449913351,0.8972480992593679,1.6966791207871785,-0.5634918425793681,-0.434709850756538,-0.4693100828313782,0.1834766928909021,1.5024410105651447,1
1.2788384877806624,-1.1145189394387667,-0.3663915220159107,1.7746485830611636,-0.031240330818366538,-0.20301202680235525,0.42964858825125224,-0.6655835357049052,0
1.6813623534571893,0.8972480992593679,-0.4646329811970102,-0.5634918425793681,0.08025874074137362,-0.3579379689365787,0.6963562853496094,-0.6655835357049052,1
-0.32211481631956557,0.8972480992593679,-0.5137537107875599,-0.5634918425793681,-0.2513374276800871,-0.35102588844135946,-0.1325951817065184,-0.6655835357049052,1
1.1457394139597665,0.8972480992593679,-1.1523231954647066,-0.5634918425793681,0.6235281218573256,0.20885263167139578,0.476704124962833,-0.6655835357049052,0
0.9255209463651939,0.8972480992593679,-1.4961683025985548,-0.5634918425793681,1.8827191569905046,2.6972016099503073,0.48369156875834557,-0.6655835357049052,1
0.2578744811181557,0.8972480992593679,0.6160230697950841,-0.5634918425793681,-0.36090719947939887,-0.5376520618122779,0.0506370647347899,-0.6655835357049052,0
1.5950496207369718,-1.1145189394387667,0.07569504429903699,-0.5634918425793681,-0.1277471840089606,-0.40996046950586007,0.6413304047987191,-0.6655835357049052,0
-1.0462275553088018,-1.1145189394387667,0.4195401514328852,1.7746485830611636,-0.47406414243725353,-0.10633823891059978,-0.5283905796727001,-0.6655835357049052,0
-1.3651275584433114,-1.1145189394387667,-1.0049610066930574,-0.5634918425793681,-0.33497240350044194,0.06888300164320693,-0.6132386380480241,-0.6655835357049052,0
1.2382365480898438,-1.1145189394387667,0.37041942184233545,-0.5634918425793681,-0.23005812967949146,-0.4273729593658261,0.43545599377478256,-0.6655835357049052,1
-0.21187113901336896,-1.1145189394387667,0.6160230697950841,1.7746485830611636,-0.4054250954020102,-0.4386259290032192,-0.18568150880942919,-0.6655835357049052,0
1.2137678294682248,0.8972480992593679,1.6966791207871785,-0.5634918425793681,-0.3730515761116408,-0.3326261248695788,0.5026307327253093,1.5024410105651447,0
1.3748311531423991,-1.1145189394387667,0.5177816106139846,1.7746485830611636,-0.24029481726609364,-0.4344120510113443,0.5687869941843673,-0.6655835357049052,0
-1.528610865277866,-1.1145189394387667,0.37041942184233545,-0.5634918425793681,-0.5220699981181122,-0.20681475447292255,-0.7199406949449538,-0.6655835357049052,0
1.3412202759149001,-1.1145189394387667,-0.7102366291497588,1.7746485830611636,0.16349100457772803,0.12402255286643277,0.6060447905693866,-0.6655835357049052,1
-0.17987358389279007,0.8972480992593679,-0.6119951699686594,-0.5634918425793681,-0.19460427535788638,-0.1332953528419547,-0.08877497637568287,-0.6655835357049052,0
0.03738712650576281,0.8972480992593679,0.5669023402045344,-0.5634918425793681,-0.3772181114514261,-0.33547370732711634,-0.07984444029930234,-0.6655835357049052,0
0.4434065234139494,-1.1145189394387667,-1.0049610066930574,-0.5634918425793681,0.18992531511714256,0.6754180650986917,0.15012463317172897,-0.6655835357049052,1
1.4912592318584557,-1.1145189394387667,-0.5137537107875599,1.7746485830611636,0.0725409972021829,-0.35102588844135946,0.6804443934441516,-0.6655835357049052,1
-1.6799942563105212,-1.1145189394387667,0.026574314708487253,-0.5634918425793681,-0.5259723866522851,-0.40650934538947037,-0.7559937173265061,-0.6655835357049052,0
-0.08011650028157348,0.8972480992593679,0.7633852585667333,-0.5634918425793681,-0.40499238325701814,-0.35102588844135946,-0.08809787485109163,1.5024410105651447,0
0.6569028155630228,0.8972480992593679,-1.0049610066930574,-0.5634918425793681,0.25188915522751465,-0.2343845300845355,0.20425560146435026,-0.6655835357049052,1
0.7792464086711187,0.8972480992593679,1.598437661606079,-0.5634918425793681,-0.39566271964548927,-0.326683344088631,0.3311442098997828,1.5024410105651447,0
0.6738426976856821,-1.1145189394387667,-0.7102366291497588,1.7746485830611636,0.022621527908212764,0.12402255286643277,0.3685274179253276,-0.6655835357049052,1
-1.2769326165983543,0.8972480992593679,-1.1032024658741568,-0.5634918425793681,-0.2675903506708111,0.8487137975145445,-0.5689581431605849,-0.6655835357049052,1
